{
"type": "FeatureCollection",
"name": "demo1",
"crs": { "type": "name", "properties": { "name": "urn:ogc:def:crs:OGC:1.3:CRS84" } },
"features": [
{ "type": "Feature", "properties": { "fid": 1, "ten_vung": null, "id": null, "nam": null, "mau": null, "mo_ta": null, "thoi_ky": null }, "geometry": { "type": "Polygon", "coordinates": [ [ [ 107.19196858463792, 16.910664836704285 ], [ 107.188586409612782, 16.909674243914814 ], [ 107.186670994164857, 16.908642370889257 ], [ 107.185851334401107, 16.908122304743255 ], [ 107.184652042746777, 16.907494921451121 ], [ 107.183892778965628, 16.907069785533327 ], [ 107.182676231316279, 16.906537332400344 ], [ 107.181261239724137, 16.906075046289946 ], [ 107.18076944386587, 16.905905816269634 ], [ 107.17987213212453, 16.905509569774129 ], [ 107.179296213290556, 16.905088556960067 ], [ 107.17905247236078, 16.904873922614581 ], [ 107.178810888430434, 16.904657224229421 ], [ 107.178303993576534, 16.904217635311529 ], [ 107.177691405753109, 16.90369549315243 ], [ 107.177214708890489, 16.903251774370787 ], [ 107.176938612970076, 16.902987606414172 ], [ 107.176403677124256, 16.902554205058635 ], [ 107.175976591247377, 16.902149696228001 ], [ 107.174992999530858, 16.901237484353491 ], [ 107.174324329723603, 16.900667865650728 ], [ 107.173698799903889, 16.900015691400043 ], [ 107.173373092997807, 16.899675156480431 ], [ 107.172993461107154, 16.899286120380363 ], [ 107.17239812927879, 16.898794922460496 ], [ 107.171720831474005, 16.898336745096319 ], [ 107.171483561542345, 16.898167508130765 ], [ 107.171009021679126, 16.89780013956096 ], [ 107.170724297761183, 16.89756073044498 ], [ 107.169977975976323, 16.896892034407788 ], [ 107.169796788028563, 16.896743434966471 ], [ 107.16934813215785, 16.896355424762216 ], [ 107.168524158395343, 16.895703235599335 ], [ 107.168071188525943, 16.895356501202247 ], [ 107.167682928637831, 16.895075810985432 ], [ 107.167376634726139, 16.894947849130336 ], [ 107.165991841125276, 16.894386467062933 ], [ 107.165704960207947, 16.894268824285618 ], [ 107.164632931516948, 16.893783805043014 ], [ 107.164285654617061, 16.893639330985032 ], [ 107.163427168864501, 16.893238930874695 ], [ 107.162827523037336, 16.892978876739605 ], [ 107.162650649088306, 16.892883936251756 ], [ 107.16202511926862, 16.892636265189012 ], [ 107.160687779654069, 16.891959295958678 ], [ 107.159827136902166, 16.891441247742456 ], [ 107.159417307020291, 16.891224533923271 ], [ 107.15930082905389, 16.891154359871326 ], [ 107.158845702185062, 16.890883983133094 ], [ 107.157982902433716, 16.890275118067365 ], [ 107.157626997536326, 16.890021251713851 ], [ 107.156520456855276, 16.889292674022208 ], [ 107.155657657103959, 16.888735403067685 ], [ 107.155504510148106, 16.888652844267799 ], [ 107.155083895269314, 16.888334992551041 ], [ 107.154022651575232, 16.887577512600455 ], [ 107.153796166640518, 16.887410329967476 ], [ 107.152234499090653, 16.885936639611433 ], [ 107.150923043468666, 16.884615674891219 ], [ 107.146988676602646, 16.882217274693069 ], [ 107.145914490912304, 16.881247173015076 ], [ 107.144732455252978, 16.880289450724351 ], [ 107.143692781552659, 16.879447311592859 ], [ 107.143589245582504, 16.879356492442554 ], [ 107.143097449724266, 16.879030368770024 ], [ 107.142230335974205, 16.87874552611423 ], [ 107.140491794475309, 16.878320325408346 ], [ 107.140491794475309, 16.878320325408346 ], [ 107.140168244568542, 16.878246018390591 ], [ 107.139741158691663, 16.87810153243904 ], [ 107.139059546888134, 16.877816688382183 ], [ 107.138753252976414, 16.877564869365418 ], [ 107.138423232071531, 16.877232550312939 ], [ 107.138369307087103, 16.877178883827263 ], [ 107.138142822152361, 16.876683500162436 ], [ 107.138034972183448, 16.876256230707821 ], [ 107.137873197230064, 16.875731947061137 ], [ 107.137819272245579, 16.875564753938612 ], [ 107.137443954353785, 16.874891851726765 ], [ 107.136792540541521, 16.873925840679501 ], [ 107.136365454664642, 16.873306600230222 ], [ 107.136110928737992, 16.872926798416984 ], [ 107.135584620889702, 16.872295169797525 ], [ 107.135429316934449, 16.872097011364058 ], [ 107.135153221014036, 16.871816286560836 ], [ 107.13475201912965, 16.871432353433978 ], [ 107.134005697344776, 16.870503479738478 ], [ 107.13207302590186, 16.869157636860102 ], [ 107.131611428034915, 16.868765441579434 ], [ 107.131007468208963, 16.867886095517772 ], [ 107.130839222257464, 16.8676094928589 ], [ 107.130463904365669, 16.867027387433314 ], [ 107.129816804552163, 16.865970510588113 ], [ 107.12825082300354, 16.863452147410076 ], [ 107.127526071212458, 16.862395250572224 ], [ 107.126870343401436, 16.861990655687375 ], [ 107.120537393226826, 16.859909868315491 ], [ 107.11983852542825, 16.859678668304884 ], [ 107.119096517642134, 16.859521782422391 ], [ 107.116301046447859, 16.859042866817926 ], [ 107.116076718512559, 16.858968552218847 ], [ 107.114290723027352, 16.858341005550781 ], [ 107.109062156534378, 16.856260178011947 ], [ 107.107500488984542, 16.855483990447354 ], [ 107.10473090178283, 16.853560022429907 ], [ 107.100675742951651, 16.850950661143692 ], [ 107.098423835600727, 16.849687254929538 ], [ 107.097750851794714, 16.849270246451216 ], [ 107.095300500501011, 16.847684780083519 ], [ 107.091840673498254, 16.845612093076387 ], [ 107.091021013734505, 16.845116626684522 ], [ 107.0908311977892, 16.845034048826417 ], [ 107.088208286545239, 16.844092658697139 ], [ 107.084903763497707, 16.842837464573645 ], [ 107.083911543783685, 16.842275927665352 ], [ 107.082323992241285, 16.84165658355499 ], [ 107.081029792614288, 16.841218912494902 ], [ 107.077431917651325, 16.840533501065515 ], [ 107.074972938360091, 16.840120601416174 ], [ 107.07077973156872, 16.838947961501095 ], [ 107.070020467787572, 16.838741510059823 ], [ 107.066733200735072, 16.837626668386456 ], [ 107.065646073048427, 16.837147697355114 ], [ 107.059313122873789, 16.83433165351228 ], [ 107.057052587525362, 16.833324143783599 ], [ 107.056353719726786, 16.832944261674662 ], [ 107.055137172077437, 16.832159720124743 ], [ 107.054369280298801, 16.831589893172051 ], [ 107.053368432587277, 16.830953997302185 ], [ 107.052798984751391, 16.830631919358769 ], [ 107.052540144826025, 16.830441975699507 ], [ 107.052100116952829, 16.830268548713825 ], [ 107.048700685932701, 16.828980228991984 ], [ 107.047389230310685, 16.828583821160905 ], [ 107.046914690447451, 16.828517753108411 ], [ 107.045887958743407, 16.828468202053912 ], [ 107.045059670982127, 16.82850949460023 ], [ 107.043929403307914, 16.82869118169706 ], [ 107.041211584091286, 16.82913714019595 ], [ 107.040184852387227, 16.829261017370428 ], [ 107.039011444725432, 16.829302309743916 ], [ 107.038122760981594, 16.829194949554118 ], [ 107.037363497200445, 16.829021521426679 ], [ 107.036768165372024, 16.828815059163176 ], [ 107.035853597635636, 16.828517753108411 ], [ 107.034015834165359, 16.827947915199189 ], [ 107.029046107597793, 16.826395304662157 ], [ 107.027285996105078, 16.825932822468165 ], [ 107.024171289002851, 16.825462080504206 ], [ 107.020254178131935, 16.824826164064184 ], [ 107.018606230606892, 16.824330643280792 ], [ 107.016604535183831, 16.823364374026003 ], [ 107.014878935681224, 16.822678897977372 ], [ 107.013903971962236, 16.822315512078479 ], [ 107.013084312198473, 16.821960384276775 ], [ 107.012717622304152, 16.820498572132124 ], [ 107.012514864362601, 16.819573577831932 ], [ 107.012268966433524, 16.818508177017172 ], [ 107.012005812509358, 16.817950697460169 ], [ 107.011151640755571, 16.816827474410328 ], [ 107.009999803087567, 16.815386270381634 ], [ 107.009180143323803, 16.814110238186228 ], [ 107.008446763535204, 16.812425366986282 ], [ 107.007747895736642, 16.810707443682205 ], [ 107.007212959890808, 16.809443769010294 ], [ 107.006824700002724, 16.808460905111062 ], [ 107.006710379035695, 16.80816563197838 ], [ 107.006647826053708, 16.807994249459771 ], [ 107.005983470245226, 16.808392765198171 ], [ 107.005703060326056, 16.80850013717102 ], [ 107.004816533581575, 16.808723140305037 ], [ 107.004175904766228, 16.808811928516903 ], [ 107.003699207903622, 16.808809863675243 ], [ 107.003101719075858, 16.80873965904528 ], [ 107.001259641606794, 16.808436126963752 ], [ 107.000353701867937, 16.808289522859251 ], [ 106.999085386233517, 16.808093362260493 ], [ 106.998144934504552, 16.8079384984866 ], [ 106.997094475807344, 16.807775375174693 ], [ 106.993298156901631, 16.80717656687769 ], [ 106.991978073282098, 16.80696595109627 ], [ 106.990860747604174, 16.806759464809033 ], [ 106.99064073366759, 16.80668512969061 ], [ 106.99006697183296, 16.806375399716945 ], [ 106.989441442013231, 16.805912868681464 ], [ 106.988630410246998, 16.80528927594667 ], [ 106.987940170445953, 16.804830872033069 ], [ 106.98665028481777, 16.803831465066313 ], [ 106.984484657441953, 16.802163021870953 ], [ 106.980541662578531, 16.799168872915171 ], [ 106.97929491693786, 16.798206605358075 ], [ 106.978621933131805, 16.797690365387471 ], [ 106.97686613563792, 16.796802429353519 ], [ 106.975722925967432, 16.79637704457258 ], [ 106.974834242223565, 16.796166416803896 ], [ 106.972232900973353, 16.795509752260209 ], [ 106.968716991986796, 16.794638325993539 ], [ 106.967918902216852, 16.794435956288179 ], [ 106.966572934604784, 16.794138596329724 ], [ 106.965218338995257, 16.793837105896333 ], [ 106.964631635164352, 16.793824715868279 ], [ 106.964031989337215, 16.793911446047662 ], [ 106.962267563845757, 16.794440086284315 ], [ 106.960300380412761, 16.794993504954853 ], [ 106.959661908596743, 16.795105014491678 ], [ 106.959243450717395, 16.795113274454771 ], [ 106.958699886874044, 16.795067844653353 ], [ 106.957358233260749, 16.794799395604858 ], [ 106.956499747508175, 16.79453920616481 ], [ 106.956171883602707, 16.794320316359677 ], [ 106.955675773745725, 16.79378754577926 ], [ 106.954989847943395, 16.792850031127632 ], [ 106.954424714106281, 16.79226769590743 ], [ 106.953838010275391, 16.791982722701981 ], [ 106.9522310457386, 16.791699814096681 ], [ 106.951566689930118, 16.791497441259086 ], [ 106.950699576180043, 16.791117475348699 ], [ 106.949224188605271, 16.790427752677289 ], [ 106.9485468908005, 16.790291459876912 ], [ 106.947856650999455, 16.790221248396126 ], [ 106.947075817224487, 16.790266679357249 ], [ 106.943754038181964, 16.790815980117912 ], [ 106.942300220601012, 16.791047264173333 ], [ 106.940039685252586, 16.791129865553426 ], [ 106.93937964344282, 16.791014223611239 ], [ 106.938495273697697, 16.790700337984557 ], [ 106.937373634021014, 16.790274939530835 ], [ 106.937037142117973, 16.790159297067984 ], [ 106.936700650214974, 16.790072565174633 ], [ 106.936368472310718, 16.790023004074921 ], [ 106.936092376390263, 16.790006483705483 ], [ 106.934254612919972, 16.789961052682106 ], [ 106.931825831620117, 16.789894971174157 ], [ 106.931459141725767, 16.789866060507197 ], [ 106.930794785917271, 16.78962651481163 ], [ 106.929673146240589, 16.78878810249758 ], [ 106.92847385458623, 16.787854693301014 ], [ 106.927020037005306, 16.786751942896334 ], [ 106.926476473161969, 16.786283168781175 ], [ 106.92625214522667, 16.786047748745098 ], [ 106.925773291364692, 16.785527345524645 ], [ 106.925367775481561, 16.785048242886553 ], [ 106.925143447546219, 16.784825211935928 ], [ 106.924927747608365, 16.78468065469843 ], [ 106.924569685711603, 16.784511316080316 ], [ 106.9233660800585, 16.784263503196318 ], [ 106.922490338310951, 16.784242852108068 ], [ 106.921700876538509, 16.784424581607684 ], [ 106.92062237684938, 16.784969769063412 ], [ 106.919008941314388, 16.785804068049529 ], [ 106.917563751730924, 16.786489677344523 ], [ 106.916713893975896, 16.786836611225496 ], [ 106.916278180101472, 16.786877912835774 ], [ 106.915838152228318, 16.786799439768561 ], [ 106.915100458440946, 16.786543369534225 ], [ 106.913564674883588, 16.785932103708209 ], [ 106.911330023527697, 16.785089544885711 ], [ 106.910380943801229, 16.784746738020651 ], [ 106.909556970038722, 16.784490665018986 ], [ 106.908439644360797, 16.784238721890141 ], [ 106.907870196524925, 16.784065252656358 ], [ 106.90749056463433, 16.783842220551598 ], [ 106.90667090487058, 16.783259857710231 ], [ 106.905954781077014, 16.782689883838952 ], [ 106.90559671918021, 16.782466850119473 ], [ 106.904992759354315, 16.782231425353757 ], [ 106.904781373415219, 16.782173601682455 ], [ 106.903853863682542, 16.781950567356894 ], [ 106.901968646225953, 16.781516888752105 ], [ 106.901519990355268, 16.781434283191331 ], [ 106.89973830886882, 16.781636666751417 ], [ 106.897499343514127, 16.782062084552404 ], [ 106.896623601766578, 16.782152950367017 ], [ 106.896226713880949, 16.782128168785519 ], [ 106.895851395989141, 16.782020781895028 ], [ 106.895519218084885, 16.781901004137875 ], [ 106.895234494166971, 16.781839050095918 ], [ 106.894936828252767, 16.781892743600118 ], [ 106.894229332456675, 16.782185992470641 ], [ 106.893560662649421, 16.782594888027475 ], [ 106.892723746890624, 16.783317681050907 ], [ 106.892473534962775, 16.783639839341053 ], [ 106.891998995099542, 16.784792170291336 ], [ 106.891627991206462, 16.785151497867599 ], [ 106.891041287375558, 16.785329096303713 ], [ 106.888638390068181, 16.785597558740754 ], [ 106.886882592574224, 16.785787547313088 ], [ 106.886412366709749, 16.785791677497333 ], [ 106.885963710839036, 16.785746245465702 ], [ 106.885325239023103, 16.785589298363742 ], [ 106.883612581516729, 16.785089544885704 ], [ 106.882266613904704, 16.784693045323092 ], [ 106.881753248052675, 16.784639352610363 ], [ 106.8813434181708, 16.784697175531136 ], [ 106.880795540328705, 16.784862383779206 ], [ 106.879906856584867, 16.785358007661319 ], [ 106.878923264868376, 16.785927973527013 ], [ 106.878237339066075, 16.786196435117617 ], [ 106.877685147225208, 16.786295559301312 ], [ 106.876658415521163, 16.78626251791249 ], [ 106.874885362032231, 16.786175784239507 ], [ 106.87424689021627, 16.785989926235445 ], [ 106.873651558387877, 16.785717334167188 ], [ 106.872909550601719, 16.785184539449677 ], [ 106.871986354867815, 16.784408060751264 ], [ 106.871412593033241, 16.783953736636715 ], [ 106.870200359382608, 16.782979001233752 ], [ 106.868932043748174, 16.781925785748999 ], [ 106.867668042112513, 16.780868434134472 ], [ 106.866913092330137, 16.780149762100113 ], [ 106.865946756608651, 16.779195658820264 ], [ 106.865442018754152, 16.778803277293321 ], [ 106.86526514480515, 16.778658715473895 ], [ 106.863983887174427, 16.777750038662209 ], [ 106.863008923455467, 16.776717446102211 ], [ 106.862629291564872, 16.776424188792245 ], [ 106.862137495706605, 16.77612680063552 ], [ 106.861460197901835, 16.775862455216668 ], [ 106.860079718299744, 16.775383328207912 ], [ 106.859613806434027, 16.775040503831057 ], [ 106.859337710513657, 16.774759635206067 ], [ 106.859048672596984, 16.774330070623897 ], [ 106.859014160606904, 16.773925287725405 ], [ 106.859096126583296, 16.773582460718828 ], [ 106.859518898461445, 16.772710933858097 ], [ 106.860235022255011, 16.771211567871177 ], [ 106.860316988231403, 16.7708067783324 ], [ 106.860316988231403, 16.7708067783324 ], [ 106.860247964251286, 16.770397857413037 ], [ 106.860027950314716, 16.770030240886335 ], [ 106.859769110389294, 16.769827844967118 ], [ 106.858069394879223, 16.769166958832614 ], [ 106.857616425009766, 16.768803470479501 ], [ 106.857426609064476, 16.768501939841112 ], [ 106.857085803162732, 16.767576692157867 ], [ 106.857042663175136, 16.767473427628239 ], [ 106.856757939257221, 16.76703558539969 ], [ 106.856451645345516, 16.766767096742054 ], [ 106.856067699456162, 16.766622525769403 ], [ 106.855334319667548, 16.766333383494377 ], [ 106.854195423995847, 16.765974020339851 ], [ 106.854074632030645, 16.765961628494821 ], [ 106.853915014076662, 16.765887277407703 ], [ 106.853776966116442, 16.76571379142473 ], [ 106.85372951213013, 16.765498999036083 ], [ 106.853759710121452, 16.764949625092193 ], [ 106.853884816085355, 16.763867395087061 ], [ 106.853897758081629, 16.763693907261644 ], [ 106.854229935985884, 16.761789661444535 ], [ 106.854488775911292, 16.760352170414237 ], [ 106.854652707864034, 16.759492975186955 ], [ 106.854799383821785, 16.758571814455539 ], [ 106.854864093803116, 16.757931543158531 ], [ 106.854751929835473, 16.757229307645797 ], [ 106.854669963859095, 16.756869927292659 ], [ 106.85460956787648, 16.756064417139086 ], [ 106.854626823871513, 16.755515015950305 ], [ 106.854687219854114, 16.754011383533726 ], [ 106.854708789847862, 16.753143897889643 ], [ 106.854756243834217, 16.752181397286137 ], [ 106.854808011819259, 16.75134281983161 ], [ 106.854881349798134, 16.750512500584147 ], [ 106.854989199767033, 16.749471498202134 ], [ 106.855092735737188, 16.748500717042059 ], [ 106.855140189723528, 16.748066962157829 ], [ 106.855153131719788, 16.747447310609044 ], [ 106.855166073716063, 16.747149877149329 ], [ 106.855032339754587, 16.746360850025965 ], [ 106.854747615836658, 16.745063698853684 ], [ 106.854428379928706, 16.743613688199119 ], [ 106.854143656010763, 16.742299993800799 ], [ 106.853919328075435, 16.741320913780779 ], [ 106.853789908112759, 16.740734289585614 ], [ 106.853742454126447, 16.740374878094663 ], [ 106.853735983128303, 16.739782054211201 ], [ 106.853960311063631, 16.738679025072368 ], [ 106.854180325000215, 16.737534677231054 ], [ 106.854327000957966, 16.736753872773512 ], [ 106.854443478924381, 16.736121790630971 ], [ 106.854555642892052, 16.735791289329448 ], [ 106.855271766685618, 16.73489893295195 ], [ 106.855914552500352, 16.734341208093909 ], [ 106.856716956269068, 16.733907420964695 ], [ 106.857031878178319, 16.733713249263126 ], [ 106.857627210006726, 16.733192702874277 ], [ 106.857886049932091, 16.732804357816878 ], [ 106.858571975734364, 16.731606267014968 ], [ 106.858753163682167, 16.731412092968892 ], [ 106.859603021437209, 16.730895671670897 ], [ 106.859961083334014, 16.730676708618152 ], [ 106.860396797208409, 16.73024291314821 ], [ 106.860832511082791, 16.729536444126936 ], [ 106.861056839018175, 16.72907785757134 ], [ 106.861604716860228, 16.727925189195364 ], [ 106.862096512718509, 16.726875800455474 ], [ 106.862739298533199, 16.725520675742047 ], [ 106.863222466393935, 16.724491931342552 ], [ 106.863416596337998, 16.723921781453612 ], [ 106.863502876313134, 16.723438392168937 ], [ 106.863571900293238, 16.722864107579987 ], [ 106.863571900293238, 16.722077045675807 ], [ 106.863584842289512, 16.721354020066627 ], [ 106.863684064260895, 16.719982329663942 ], [ 106.863735832245979, 16.718937028848483 ], [ 106.86375740223977, 16.718292492684363 ], [ 106.863869566207441, 16.71733394769463 ], [ 106.86424057010052, 16.716367134507141 ], [ 106.864659027979911, 16.715363131011213 ], [ 106.865081799858032, 16.714272355793028 ], [ 106.865780667656608, 16.712545282278185 ], [ 106.866134415554654, 16.711640421732376 ], [ 106.866596013421599, 16.710768611394826 ], [ 106.866833283353216, 16.710326507000357 ], [ 106.867389789192856, 16.709293548815932 ], [ 106.867967865026216, 16.708215134506617 ], [ 106.868420834895645, 16.707537507072594 ], [ 106.869438938602187, 16.706397104253 ], [ 106.871026490144629, 16.704603848359373 ], [ 106.871647705965557, 16.704021243165137 ], [ 106.872307747775338, 16.70352127558812 ], [ 106.873679599379912, 16.702603976298583 ], [ 106.874736529075278, 16.701719728667928 ], [ 106.874934973018057, 16.701554448282742 ], [ 106.875543246842724, 16.70090572138826 ], [ 106.87583659875817, 16.700604083291843 ], [ 106.876798620480912, 16.699699166143976 ], [ 106.877471604286924, 16.699066961208814 ], [ 106.877877120170041, 16.698699207048502 ], [ 106.878291264050674, 16.698211621789099 ], [ 106.879136807806987, 16.696823236605201 ], [ 106.879326623752249, 16.696401760534741 ], [ 106.87943878771992, 16.696087718936468 ], [ 106.879507811700023, 16.695781941094697 ], [ 106.879645859660215, 16.695013362196029 ], [ 106.87969331364657, 16.694703450474979 ], [ 106.879818419610515, 16.694277837558769 ], [ 106.879969409566982, 16.693959660293284 ], [ 106.880875349305839, 16.692889423784262 ], [ 106.881311063180277, 16.692364633807433 ], [ 106.882268770904219, 16.691769594609688 ], [ 106.882458586849495, 16.691562983343719 ], [ 106.882816648746314, 16.691017528528153 ], [ 106.883433550568498, 16.690062978854382 ], [ 106.883977114411806, 16.689219995956989 ], [ 106.88419281434966, 16.688856355127761 ], [ 106.88427478032601, 16.68859188863555 ], [ 106.88428340832354, 16.688253040407563 ], [ 106.88391240443049, 16.687273683005358 ], [ 106.883498260549828, 16.68640589377214 ], [ 106.883079802670451, 16.685881085990726 ], [ 106.88251898283211, 16.685451321065123 ], [ 106.882156606936547, 16.685182717495959 ], [ 106.881354203167831, 16.684566994043966 ], [ 106.879917641581898, 16.684033916433425 ], [ 106.879115237813181, 16.684046313604046 ], [ 106.877713188217299, 16.684302521616782 ], [ 106.877713188217299, 16.684302521616782 ], [ 106.876582920543086, 16.684430625494397 ], [ 106.875538932843966, 16.684447155020734 ], [ 106.874326699193389, 16.684405831202202 ], [ 106.873636459392358, 16.684058710773851 ], [ 106.873334479479382, 16.683951268608762 ], [ 106.87311015154404, 16.68390167989682 ], [ 106.872605413689499, 16.683757046080178 ], [ 106.872411283745478, 16.683678530533893 ], [ 106.871828893913346, 16.683042140179371 ], [ 106.870370762333621, 16.682054491213535 ], [ 106.869520904578636, 16.681277592207667 ], [ 106.869093818701714, 16.680777565113999 ], [ 106.868558882855893, 16.680066780548561 ], [ 106.868312984926789, 16.679682459886518 ], [ 106.868006691015069, 16.679285740973565 ], [ 106.866747003378123, 16.678260879972463 ], [ 106.866108531562176, 16.67795920613149 ], [ 106.865426919758647, 16.677545953522113 ], [ 106.863550330299532, 16.676289660106193 ], [ 106.862424376624091, 16.675533400551306 ], [ 106.860047363309221, 16.67416551365185 ], [ 106.858934351630012, 16.673487765461427 ], [ 106.85805860988242, 16.672954656965906 ], [ 106.857924875921, 16.672863739089703 ], [ 106.857553872027921, 16.672719096924869 ], [ 106.857286404104997, 16.672574454650675 ], [ 106.857066390168441, 16.672343026784503 ], [ 106.856824806238066, 16.672024813011408 ], [ 106.856496942332541, 16.67176445589428 ], [ 106.856000832475559, 16.671450373821152 ], [ 106.855504722618562, 16.671218944595221 ], [ 106.855107834732976, 16.670851136856601 ], [ 106.854870564801359, 16.670702360491823 ], [ 106.854482304913276, 16.670557716692926 ], [ 106.85390854307866, 16.670289092204882 ], [ 106.85347714320298, 16.669987405791773 ], [ 106.852963777350951, 16.669685718902997 ], [ 106.852308049539985, 16.669479083773197 ], [ 106.851915475653144, 16.669255917582376 ], [ 106.851665263725252, 16.669045149274279 ], [ 106.851298573830931, 16.668917035091216 ], [ 106.851009535914244, 16.668867442481194 ], [ 106.850746381990106, 16.668776522662768 ], [ 106.85058676403608, 16.668644275577041 ], [ 106.850297726119393, 16.668524426576642 ], [ 106.850038886194028, 16.668458302958093 ], [ 106.849754162276085, 16.668474833864874 ], [ 106.849167458445194, 16.668598815620207 ], [ 106.848994898494922, 16.668586417448289 ], [ 106.848731744570799, 16.668437639322605 ], [ 106.848408194664032, 16.668144215457936 ], [ 106.848114842748572, 16.66802849888057 ], [ 106.847774036846829, 16.667966507828186 ], [ 106.847131251032081, 16.667854923883304 ], [ 106.846837899116665, 16.667685481472216 ], [ 106.846648083171374, 16.667553233632479 ], [ 106.84612177532307, 16.667363127202751 ], [ 106.84572488743747, 16.667255675658939 ], [ 106.844629131753294, 16.666834134404446 ], [ 106.843503178077825, 16.666445654386997 ], [ 106.84291647424692, 16.66623901575857 ], [ 106.840466122953217, 16.66501984330958 ], [ 106.838641301479171, 16.663879186800187 ], [ 106.838024399656987, 16.663709740869272 ], [ 106.837562801790042, 16.66362295143194 ], [ 106.837079633929321, 16.663573357450069 ], [ 106.836441162113346, 16.663589888778791 ], [ 106.836190950185468, 16.663560958952605 ], [ 106.835781120303594, 16.663296457481874 ], [ 106.835574048363299, 16.663222066377379 ], [ 106.834840668574685, 16.663065018395173 ], [ 106.833499014961376, 16.662837711876943 ], [ 106.832869171142931, 16.662726124941951 ], [ 106.832316979302064, 16.66267653072774 ], [ 106.831553401522143, 16.662693062133904 ], [ 106.830587065800685, 16.662833579028668 ], [ 106.830371365862874, 16.662879040354884 ], [ 106.829620730079228, 16.662949298746895 ], [ 106.829223842193613, 16.663007158579784 ], [ 106.828473206409981, 16.663197269336123 ], [ 106.828192796490768, 16.663201402176558 ], [ 106.827921014569114, 16.663135276718926 ], [ 106.82751981268477, 16.662961697283983 ], [ 106.826859770875032, 16.662783984842289 ], [ 106.826057367106316, 16.662420293749637 ], [ 106.825556943250533, 16.662296307991934 ], [ 106.824983181415902, 16.662023539042352 ], [ 106.824797679469356, 16.661854091468857 ], [ 106.824456873567613, 16.661709440982584 ], [ 106.823818401751623, 16.661581321889177 ], [ 106.823542305831197, 16.661461468466111 ], [ 106.823348175887148, 16.661312684802056 ], [ 106.822748530059968, 16.660643156882934 ], [ 106.82200220827508, 16.659779379750645 ], [ 106.821575122398215, 16.659531404734338 ], [ 106.821096268536223, 16.659308226945083 ], [ 106.819206737080862, 16.658733749587221 ], [ 106.818003131427787, 16.658522969692775 ], [ 106.817701151514825, 16.658506437926533 ], [ 106.816631279823213, 16.658374183745234 ], [ 106.814625270401365, 16.657543460080081 ], [ 106.814249952509527, 16.657369875575444 ], [ 106.813520886719672, 16.657126030410296 ], [ 106.813175766819114, 16.657192157943403 ], [ 106.812912612894976, 16.657278950295932 ], [ 106.81254160900194, 16.657303748103718 ], [ 106.812036871147427, 16.657266551390837 ], [ 106.811307805357586, 16.657291349200229 ], [ 106.810837579493111, 16.657336811842434 ], [ 106.810069687714432, 16.657183892003008 ], [ 106.809690055823836, 16.657171493091763 ], [ 106.808650382123503, 16.65690284981752 ], [ 106.808257808236661, 16.656878051957822 ], [ 106.807632278416975, 16.656725131752058 ], [ 106.806967922608436, 16.656601142306393 ], [ 106.806271211809275, 16.656613541254568 ], [ 106.805984330891988, 16.65666727002073 ], [ 106.804804452232077, 16.656541214045536 ], [ 106.804394622350188, 16.656429623440882 ], [ 106.804092642437226, 16.656309766793076 ], [ 106.803622416572765, 16.656032856319921 ], [ 106.803290238668509, 16.65578074345137 ], [ 106.803014142748097, 16.655615423357407 ], [ 106.802781186815238, 16.655590625330994 ], [ 106.80252234688983, 16.655673285406525 ], [ 106.802276448960725, 16.65578074345137 ], [ 106.801939957057726, 16.655950196399584 ], [ 106.801732885117403, 16.656152713141026 ], [ 106.801409335210678, 16.656574277915908 ], [ 106.801115983295219, 16.656698267378967 ], [ 106.800917539352398, 16.656710666320858 ], [ 106.800701839414586, 16.656652804585171 ], [ 106.800304951528986, 16.65636349564447 ], [ 106.799839039663283, 16.656115516204576 ], [ 106.799364499800035, 16.655789009452327 ], [ 106.799196253848535, 16.655698083422223 ], [ 106.799045263892026, 16.655669152403597 ], [ 106.798846819949247, 16.655669152403597 ], [ 106.798635434010194, 16.655693950419831 ], [ 106.798324826099702, 16.655760078447422 ], [ 106.797543992324748, 16.655892334434121 ], [ 106.797375746373248, 16.655884068437636 ], [ 106.797160046435422, 16.655838605450544 ], [ 106.797009056478956, 16.655685684414774 ], [ 106.796750216553548, 16.65522692057483 ], [ 106.796569028605759, 16.654830150962191 ], [ 106.79648706262941, 16.654697894241995 ], [ 106.796215280707713, 16.654404449317923 ], [ 106.796150570726411, 16.654338320822259 ], [ 106.795305026970098, 16.653838223334564 ], [ 106.795089327032287, 16.653610905863058 ], [ 106.79504187304596, 16.653511712700023 ], [ 106.794895197088223, 16.653003346933282 ], [ 106.794839115104381, 16.652523911315424 ], [ 106.794860685098172, 16.651932881273009 ], [ 106.794856371099414, 16.651238521970502 ], [ 106.794929709078247, 16.650916140010253 ], [ 106.795197177001171, 16.650411900471727 ], [ 106.795568180894222, 16.650031653384584 ], [ 106.795641518873097, 16.649816730784103 ], [ 106.795637204874339, 16.649597674808582 ], [ 106.795667402865661, 16.64933728719112 ], [ 106.795740740844522, 16.649064499783744 ], [ 106.796314502679152, 16.647977479439394 ], [ 106.796392154656743, 16.647477365346543 ], [ 106.796517260620689, 16.647270706249365 ], [ 106.797082394457789, 16.646679660001162 ], [ 106.797621644302367, 16.645704223045165 ], [ 106.798053044178047, 16.644956109134185 ], [ 106.798445618064889, 16.644509719332049 ], [ 106.798579352026309, 16.644286524041085 ], [ 106.798704457990254, 16.64407159499671 ], [ 106.798846819949247, 16.643939330849605 ], [ 106.799373127797551, 16.643377207206111 ], [ 106.799933947635878, 16.642587751364438 ], [ 106.800050425602294, 16.642306687766816 ], [ 106.800110821584923, 16.642162022519141 ], [ 106.800645757430701, 16.641331228554304 ], [ 106.800973621336212, 16.640545897615311 ], [ 106.801059901311334, 16.640165630951927 ], [ 106.801012447325022, 16.639892830489611 ], [ 106.80089165535982, 16.639533229287082 ], [ 106.800684583419539, 16.638334553740499 ], [ 106.800686740418897, 16.637937749149877 ], [ 106.800652228428859, 16.637631878384116 ], [ 106.800609088441263, 16.637367341112121 ], [ 106.800492610474834, 16.637168937918602 ], [ 106.800376132508404, 16.63702840219899 ], [ 106.80027259653825, 16.63684653229129 ], [ 106.800177688565626, 16.636598527593694 ], [ 106.799987872620321, 16.636354655994932 ], [ 106.799828254666338, 16.636218253101045 ], [ 106.799595298733479, 16.636085983535523 ], [ 106.799375284796909, 16.636023982145272 ], [ 106.799211352844168, 16.635953713878759 ], [ 106.798956826917561, 16.635780109815801 ], [ 106.798667789000831, 16.635515569989078 ], [ 106.798452089063005, 16.635350232412051 ], [ 106.79824501712271, 16.635251029797406 ], [ 106.79789989722218, 16.635131159902908 ], [ 106.79767556928681, 16.635106359225723 ], [ 106.797300251395001, 16.635110492672151 ], [ 106.796950817495727, 16.635184894692468 ], [ 106.796700605567835, 16.635284097341327 ], [ 106.796264891693454, 16.635631306208175 ], [ 106.795993109771786, 16.635966114162962 ], [ 106.79581623582277, 16.636255453899913 ], [ 106.79550562791232, 16.636747330450746 ], [ 106.794979320064016, 16.637412808481717 ], [ 106.794845586102554, 16.637536810344002 ], [ 106.794534978192075, 16.637950149305766 ], [ 106.794263196270407, 16.63850402211747 ], [ 106.794172602296541, 16.638764424453584 ], [ 106.794125148310229, 16.638946292542045 ], [ 106.794017298341331, 16.639132293817717 ], [ 106.793879250381096, 16.639223227709024 ], [ 106.793465106500463, 16.6396117629406 ], [ 106.793089788608654, 16.63997963067882 ], [ 106.79290860066088, 16.64010363088094 ], [ 106.79256348076035, 16.640240031010638 ], [ 106.792188162868541, 16.640326831042643 ], [ 106.791799902980429, 16.640289631033738 ], [ 106.791618715032655, 16.640223497666753 ], [ 106.791355561108517, 16.640054030809722 ], [ 106.791113977178142, 16.639764696805141 ], [ 106.790876707246525, 16.639326561624074 ], [ 106.790255491425597, 16.638739624246334 ], [ 106.790082931475339, 16.638487488623877 ], [ 106.790026849491539, 16.638148551690897 ], [ 106.789957825511422, 16.637954282690885 ], [ 106.789931941518873, 16.637693879254439 ], [ 106.7899276275201, 16.637474809422887 ], [ 106.789845661543751, 16.637251605940854 ], [ 106.789668787594749, 16.637020135388742 ], [ 106.789539367632045, 16.636904400007907 ], [ 106.789220131724079, 16.636755597272757 ], [ 106.788939721804894, 16.636722529982585 ], [ 106.788650683888207, 16.636767997505089 ], [ 106.788120062041145, 16.636891999784385 ], [ 106.787891420107044, 16.636900266600158 ], [ 106.787675720169219, 16.63685479910902 ], [ 106.787451392233848, 16.636751463861792 ], [ 106.787296088278623, 16.636643995145608 ], [ 106.787071760343295, 16.636491058791798 ], [ 106.786390148539752, 16.63614798490573 ], [ 106.785777560716312, 16.635912379592327 ], [ 106.785208112880454, 16.635817310699675 ], [ 106.783719783309451, 16.6357305086261 ], [ 106.783422117395233, 16.63575530922256 ], [ 106.783158963471095, 16.635837977854266 ], [ 106.782856983558133, 16.636077716684653 ], [ 106.782114975772004, 16.636747330450746 ], [ 106.781933787824229, 16.63685479910902 ], [ 106.781683575896324, 16.636891999784392 ], [ 106.781403165977153, 16.636809331607104 ], [ 106.781265118016933, 16.636668795623923 ], [ 106.781144326051745, 16.636346389155641 ], [ 106.781174524043053, 16.63614798490573 ], [ 106.781312572003287, 16.635589971852241 ], [ 106.781407479975911, 16.634895553340186 ], [ 106.781403165977153, 16.63473021522859 ], [ 106.781347083993325, 16.634564876974444 ], [ 106.781239234024412, 16.63443260626849 ], [ 106.781083930069144, 16.634329269715987 ], [ 106.780850974136285, 16.634287935079389 ], [ 106.780570564217115, 16.634333403179156 ], [ 106.780324666288024, 16.634449140111723 ], [ 106.780182304329017, 16.634581410806273 ], [ 106.779923464403623, 16.635234496023319 ], [ 106.779806986437237, 16.635527970301617 ], [ 106.779707764465797, 16.635945447022198 ], [ 106.779716392463328, 16.636433190950438 ], [ 106.779686194472049, 16.636635728318794 ], [ 106.779496378526758, 16.636978801332184 ], [ 106.779297934583937, 16.637284673139774 ], [ 106.778905360697095, 16.638227085911627 ], [ 106.778426506835132, 16.639177760768764 ], [ 106.777861372998004, 16.640186297637801 ], [ 106.777455857114887, 16.640640964163303 ], [ 106.776446381405876, 16.641508960899298 ], [ 106.776088319509071, 16.641806558875423 ], [ 106.775863991573729, 16.641930557895776 ], [ 106.775454161691854, 16.642046290242398 ], [ 106.775022761816217, 16.642116556275905 ], [ 106.77453096595795, 16.642166155813452 ], [ 106.773517176250181, 16.642451352905308 ], [ 106.772460246554814, 16.642827481754395 ], [ 106.771977078694107, 16.642930813726547 ], [ 106.771856286728919, 16.642943213559466 ], [ 106.771325664881843, 16.642782015668995 ], [ 106.771010742972635, 16.642571218223058 ], [ 106.770704449060872, 16.642240555095722 ], [ 106.769958127275984, 16.641715626209518 ], [ 106.769608693376739, 16.641599893663244 ], [ 106.769043559539611, 16.641347761802653 ], [ 106.767801127897727, 16.640835230440842 ], [ 106.767223052064352, 16.640583097574488 ], [ 106.767007352126527, 16.640492164328208 ], [ 106.765868456454811, 16.639905230519059 ], [ 106.765204100646272, 16.639434028836639 ], [ 106.76483741075198, 16.639128160457997 ], [ 106.76451386084527, 16.638801624758447 ], [ 106.764151484949721, 16.638429621385058 ], [ 106.763931471013137, 16.638247752806475 ], [ 106.763586351112579, 16.637908815449695 ], [ 106.76347850114368, 16.637826147710804 ], [ 106.762822773332701, 16.637454142444728 ], [ 106.762391373457035, 16.637276406340575 ], [ 106.762028997561458, 16.637230938938639 ], [ 106.76176584363732, 16.637185471525914 ], [ 106.761381897747995, 16.637164804516566 ], [ 106.7608340199059, 16.637098670071683 ], [ 106.759815916199344, 16.636887866376373 ], [ 106.759173130384639, 16.636610927836195 ], [ 106.758633880540046, 16.636309188374419 ], [ 106.757874616758926, 16.635685040857592 ], [ 106.756800431068513, 16.63490795369281 ], [ 106.756381973189121, 16.634424339346339 ], [ 106.756097249271207, 16.63424246696885 ], [ 106.755786641360743, 16.634143263781162 ], [ 106.755174053537289, 16.633886988642111 ], [ 106.754725397666618, 16.633787785270528 ], [ 106.754393219762363, 16.633787785270542 ], [ 106.751347536640196, 16.634217666176745 ], [ 106.749376039208485, 16.634453273572312 ], [ 106.749065431298007, 16.634507008551815 ], [ 106.748694427404956, 16.634726081773973 ], [ 106.748275969525565, 16.635304764553378 ], [ 106.748146549562861, 16.635428767778922 ], [ 106.74798261761012, 16.635486635923392 ], [ 106.747719463685982, 16.635494902799753 ], [ 106.747564159730729, 16.635449434975385 ], [ 106.74737434378541, 16.635341965529459 ], [ 106.745847188225568, 16.634420205885117 ], [ 106.745648744282789, 16.634362337418843 ], [ 106.745467556335001, 16.634354070493664 ], [ 106.745100866440708, 16.63441193896244 ], [ 106.744652210570024, 16.63454007622402 ], [ 106.744074134736636, 16.634783950130501 ], [ 106.743685874848552, 16.635011289933484 ], [ 106.743077601023856, 16.635548637487382 ], [ 106.742797191104685, 16.635800776974399 ], [ 106.742702283132061, 16.635858645006614 ], [ 106.742529723181789, 16.635916513021368 ], [ 106.742339907236499, 16.635908246163183 ], [ 106.742111265302398, 16.635850378145939 ], [ 106.74193007735461, 16.635726375193038 ], [ 106.741826541384469, 16.63561063903132 ], [ 106.741684179425519, 16.635341965529459 ], [ 106.741593585451611, 16.63527996389865 ], [ 106.74149004948147, 16.635275830455882 ], [ 106.74126140754737, 16.635304764553378 ], [ 106.741364943517453, 16.635168360912672 ], [ 106.741405926505607, 16.63501955683034 ], [ 106.741449066493161, 16.634726081773973 ], [ 106.740989625625602, 16.633866321277257 ], [ 106.740804123679069, 16.633440573065922 ], [ 106.740648819723845, 16.632874285145476 ], [ 106.740579795743741, 16.632407199689997 ], [ 106.740545283753661, 16.632022783373323 ], [ 106.740368409804645, 16.631183678414352 ], [ 106.740100941881735, 16.629898145963583 ], [ 106.740027603902874, 16.629699735042966 ], [ 106.739857200952002, 16.629356649008503 ], [ 106.739768763977509, 16.629191306122184 ], [ 106.739714838993066, 16.629081766381514 ], [ 106.739352463097475, 16.628341854797014 ], [ 106.739192845143521, 16.62798223193488 ], [ 106.739015971194505, 16.627651543650643 ], [ 106.738791643259177, 16.627287785879645 ], [ 106.738679479291505, 16.62716377739099 ], [ 106.738485349347428, 16.627039768822183 ], [ 106.738010809484209, 16.626833087696067 ], [ 106.737648433588689, 16.626671876263128 ], [ 106.736966821785117, 16.626514798326387 ], [ 106.736729551853529, 16.626506531063001 ], [ 106.736380117954255, 16.626440392943056 ], [ 106.735754588134526, 16.626089033798575 ], [ 106.735421331730606, 16.62597535864349 ], [ 106.734642654955039, 16.625942289494816 ], [ 106.733939473157719, 16.625975358643494 ], [ 106.733684947231097, 16.625973291821868 ], [ 106.73313491238963, 16.625938155850839 ], [ 106.732725082507756, 16.625776943665979 ], [ 106.731967975726008, 16.625419382823907 ], [ 106.730956343017581, 16.624950212384583 ], [ 106.729858430334062, 16.624175148573357 ], [ 106.729666457389357, 16.623891991146916 ], [ 106.729582334413607, 16.623701841399786 ], [ 106.729526252429778, 16.623615033843887 ], [ 106.729504682435987, 16.623495156678324 ], [ 106.729476641444094, 16.623178928623663 ], [ 106.729470170445936, 16.622800694383741 ], [ 106.729418402460851, 16.622298447765509 ], [ 106.729129364544121, 16.621880941345815 ], [ 106.728801500638639, 16.62151510576615 ], [ 106.728436967743718, 16.621353889865627 ], [ 106.727973212877401, 16.62131048556158 ], [ 106.727170809108657, 16.621109998886929 ], [ 106.726942167174556, 16.621000454532926 ], [ 106.72640723132875, 16.620649085428393 ], [ 106.726264869369786, 16.62059534656747 ], [ 106.724666532830511, 16.619871937359679 ], [ 106.724153166978439, 16.619793395624477 ], [ 106.723739023097806, 16.619849201597539 ], [ 106.72305525429492, 16.620012485647731 ], [ 106.722682093402483, 16.62010549548765 ], [ 106.721575552721433, 16.620525072649702 ], [ 106.721029831878695, 16.620529206410279 ], [ 106.71972269025548, 16.620272913085913 ], [ 106.719274034384796, 16.620260511787354 ], [ 106.718372408644683, 16.620504403845462 ], [ 106.717928066772771, 16.620489935681171 ], [ 106.717039383028919, 16.620018686305126 ], [ 106.716823683091093, 16.619902940667362 ], [ 106.716349143227859, 16.619745857190196 ], [ 106.715857347369635, 16.619683850519081 ], [ 106.714593345733974, 16.619729322079863 ], [ 106.714101549875707, 16.619708653189932 ], [ 106.713109330161714, 16.619749990967556 ], [ 106.712250844409169, 16.619692118076383 ], [ 106.71087036480705, 16.619568104679413 ], [ 106.71046053492519, 16.619477161470723 ], [ 106.709688329147752, 16.619419288497298 ], [ 106.709049857331792, 16.619361415506422 ], [ 106.7072120938615, 16.619278739774909 ], [ 106.706789321983337, 16.619270472199801 ], [ 106.705693566299146, 16.619315943858492 ], [ 106.704727230577717, 16.619394485789051 ], [ 106.704282888705748, 16.619390352004043 ], [ 106.703993850789061, 16.619340746576889 ], [ 106.703773836852491, 16.6192746059874 ], [ 106.7035236249246, 16.61913405715908 ], [ 106.703156935030322, 16.618902564746943 ], [ 106.702091377337453, 16.617968324675584 ], [ 106.701392509538906, 16.617327582175268 ], [ 106.701094843624688, 16.616980340184824 ], [ 106.700611675763938, 16.616335460536334 ], [ 106.700076739918117, 16.615426011196934 ], [ 106.699766132007653, 16.614814197399436 ], [ 106.699451210098417, 16.614297461254633 ], [ 106.699218254165572, 16.613809661057989 ], [ 106.699183742175535, 16.613594697866123 ], [ 106.698709202312301, 16.612557083690522 ], [ 106.698519386366982, 16.612226368830839 ], [ 106.698364082411771, 16.612019671754336 ], [ 106.698152696472704, 16.611792304713219 ], [ 106.697660900614451, 16.611453320624847 ], [ 106.696396898978776, 16.610820824323664 ], [ 106.694244213599234, 16.609741855237893 ], [ 106.693622997778263, 16.609497949508842 ], [ 106.693221795893905, 16.609440073527661 ], [ 106.693040607946116, 16.609394599530226 ], [ 106.692346054146341, 16.609299517500784 ], [ 106.690357300719555, 16.609039075179112 ], [ 106.689740398897385, 16.608964663022359 ], [ 106.689529012958317, 16.608968797031821 ], [ 106.689235661042872, 16.608997735095592 ], [ 106.688933681129896, 16.60905974521755 ], [ 106.68852816524678, 16.60916722938153 ], [ 106.688101079369858, 16.609299517500784 ], [ 106.687699877485514, 16.609415269530398 ], [ 106.687531631534014, 16.609464877521731 ], [ 106.687147685644703, 16.609518619497887 ], [ 106.686647261788934, 16.609497949508842 ], [ 106.68581466002891, 16.609311919507295 ], [ 106.684887150296248, 16.60914655935467 ], [ 106.683881988585938, 16.6088489107212 ], [ 106.682984676844583, 16.6084313750553 ], [ 106.68272583691919, 16.608278416217878 ], [ 106.682488566987573, 16.608030374601007 ], [ 106.682057167111921, 16.607691383873323 ], [ 106.681612825239981, 16.607406135114609 ], [ 106.681056319400398, 16.607145690225874 ], [ 106.680059785687618, 16.606765357373092 ], [ 106.679404057876638, 16.606269269911817 ], [ 106.678985599997247, 16.605748376698788 ], [ 106.678472234145232, 16.60469831783352 ], [ 106.678014950277031, 16.603697862710032 ], [ 106.677557666408845, 16.602383207148687 ], [ 106.677398048454862, 16.602002864868595 ], [ 106.677303140482181, 16.601812693446263 ], [ 106.676940764586661, 16.601370337453279 ], [ 106.676716436651319, 16.601171897050815 ], [ 106.676220326794308, 16.600865967695572 ], [ 106.676026196850287, 16.600779149816855 ], [ 106.675706960942279, 16.600700600273754 ], [ 106.675323015052953, 16.600650990019464 ], [ 106.674857103187222, 16.600675795148206 ], [ 106.674343737335221, 16.600762613073609 ], [ 106.673761347503088, 16.600853565143876 ], [ 106.673347203622441, 16.600870101879288 ], [ 106.672989141725637, 16.600808089114121 ], [ 106.672691475811419, 16.600721271209263 ], [ 106.672229877944474, 16.60051042756276 ], [ 106.671673372104891, 16.600254107524105 ], [ 106.671246286227969, 16.600097007976615 ], [ 106.67082351434982, 16.600010189750538 ], [ 106.670392114474183, 16.599964713521235 ], [ 106.66898143688077, 16.599906834668356 ], [ 106.668166091115808, 16.599861358414593 ], [ 106.667713121246337, 16.599836553180729 ], [ 106.666932287471383, 16.599894432054768 ], [ 106.666664819548487, 16.599923371485243 ], [ 106.666078115717596, 16.600034994961987 ], [ 106.665254141955103, 16.600237570735683 ], [ 106.664037594305768, 16.600564172043637 ], [ 106.663498344461175, 16.600675795148206 ], [ 106.663295586519638, 16.600696466086386 ], [ 106.662903012632796, 16.600667526772316 ], [ 106.662570834728555, 16.600593111373268 ], [ 106.662230028826741, 16.600477354028591 ], [ 106.661043679168714, 16.600059800170239 ], [ 106.659986749473347, 16.599658782244372 ], [ 106.659805561525602, 16.599543024336946 ], [ 106.659473383621332, 16.599286703008133 ], [ 106.658925505779266, 16.598774059325009 ], [ 106.658696863845165, 16.59859628740594 ], [ 106.658472535909837, 16.598488797328599 ], [ 106.658028194037911, 16.598306890906922 ], [ 106.657221476270408, 16.597967883025358 ], [ 106.656229256556415, 16.597529652438812 ], [ 106.654999766910834, 16.597079018057929 ], [ 106.652985129491483, 16.596343117440032 ], [ 106.651941141792378, 16.595962763207392 ], [ 106.651384635952795, 16.595867674531647 ], [ 106.650841072109458, 16.595867674531647 ], [ 106.650124948315849, 16.595966897496577 ], [ 106.64922332257575, 16.596066120410292 ], [ 106.647057695199933, 16.596330714596483 ], [ 106.645021487786806, 16.596566368486958 ], [ 106.644188886026825, 16.59667385963931 ], [ 106.643317458278005, 16.596768947916289 ], [ 106.642778208433413, 16.596686262460711 ], [ 106.641954234670933, 16.596508488610802 ], [ 106.640086273209334, 16.595999971806833 ], [ 106.639521139372235, 16.595942091760136 ], [ 106.63870579360723, 16.595950360339298 ], [ 106.636095824359543, 16.596421668763881 ], [ 106.635599714502519, 16.596545697104617 ], [ 106.635116546641768, 16.596748276555726 ], [ 106.634698088762363, 16.597062480996335 ], [ 106.634357282860606, 16.597451101567703 ], [ 106.634046674950156, 16.598096044611854 ], [ 106.633930196983727, 16.599270166136467 ], [ 106.633878428998642, 16.599625708563639 ], [ 106.633714497045858, 16.600051531767843 ], [ 106.633395261137878, 16.60056003785332 ], [ 106.633162305205033, 16.600808089114114 ], [ 106.632057921523369, 16.601663863506204 ], [ 106.63134179772976, 16.602221975187081 ], [ 106.630953537841719, 16.602544438974995 ], [ 106.630509195969765, 16.60289997534472 ], [ 106.629922492138874, 16.60327618171732 ], [ 106.629439324278152, 16.603507692965131 ], [ 106.628007076690992, 16.604032726368537 ], [ 106.626932891000578, 16.604442003380854 ], [ 106.625263373481786, 16.605173738896866 ], [ 106.623567971970445, 16.605946812375034 ], [ 106.622114154389479, 16.60658345878603 ], [ 106.620768186777454, 16.60709194758584 ], [ 106.618895911317082, 16.607794734768323 ], [ 106.618304893487434, 16.607947693990877 ], [ 106.61795114558943, 16.607968364146743 ], [ 106.6174334657386, 16.60791462173686 ], [ 106.61716599781569, 16.607819538974841 ], [ 106.616574979986041, 16.607662445612753 ], [ 106.61626005807679, 16.60760456907855 ], [ 106.615845914196157, 16.607579764844264 ], [ 106.613723426807937, 16.607530156366085 ], [ 106.613395562902454, 16.607542558486834 ], [ 106.613084954991962, 16.607612837155937 ], [ 106.612951221030528, 16.607658311575172 ], [ 106.612653555116339, 16.607836075110754 ], [ 106.612312749214567, 16.608113055175547 ], [ 106.612049595290387, 16.608439643097093 ], [ 106.611635451409754, 16.608890250836758 ], [ 106.611260133517945, 16.609225105444914 ], [ 106.610716569674608, 16.609497949508842 ], [ 106.609111762137175, 16.610130450166391 ], [ 106.60799012246045, 16.610713341085027 ], [ 106.607455186614644, 16.611031656655491 ], [ 106.60663121285215, 16.611577339263167 ], [ 106.60583743708095, 16.612259440342434 ], [ 106.604845217366929, 16.613263984793349 ], [ 106.603814171664112, 16.614442147515348 ], [ 106.602968627907813, 16.615417743455907 ], [ 106.601570892310718, 16.616963804836285 ], [ 106.601286168392789, 16.617364786637001 ], [ 106.601100666446243, 16.617666555893468 ], [ 106.600966932484823, 16.618026198086444 ], [ 106.600872024512142, 16.61843544527958 ], [ 106.600703778560657, 16.619650780286303 ], [ 106.600587300594228, 16.620469266873144 ], [ 106.600522590612869, 16.620771031249319 ], [ 106.600367286657644, 16.621200941321998 ], [ 106.600117074729752, 16.621585379321445 ], [ 106.599737442839185, 16.621945014172194 ], [ 106.599513114903814, 16.622110363302713 ], [ 106.599107599020698, 16.622292247181765 ], [ 106.598223229275618, 16.62252786922333 ], [ 106.597783201402422, 16.622643613278143 ], [ 106.597291405544198, 16.622796560672082 ], [ 106.597036879617548, 16.622945374235687 ], [ 106.596674503721985, 16.623205797694325 ], [ 106.595099894175874, 16.624528578059557 ], [ 106.594875566240518, 16.624751796347031 ], [ 106.594336316395953, 16.624954346049847 ], [ 106.593969626501618, 16.625020484682018 ], [ 106.593719414573727, 16.625045286663198 ], [ 106.593292328696847, 16.625016351018171 ], [ 106.592610716893319, 16.62493367772262 ], [ 106.591842825114654, 16.624834469720945 ], [ 106.591605555183065, 16.624776598362946 ], [ 106.591338087260141, 16.624582315819161 ], [ 106.590798837415548, 16.623821718436229 ], [ 106.59074275543172, 16.623367012039239 ], [ 106.590535683491424, 16.623077652862008 ], [ 106.59034586754612, 16.622953641652504 ], [ 106.589785047707778, 16.622684950423665 ], [ 106.590167510660038, 16.622869417327024 ], [ 106.59014162666756, 16.622916954987662 ], [ 106.590111967926092, 16.622974310192994 ], [ 106.590056425192117, 16.623081786567635 ], [ 106.590008431955908, 16.623166010799917 ], [ 106.589927544479238, 16.623293122147977 ], [ 106.589848814001911, 16.623419199987286 ], [ 106.589770622774466, 16.623544761031798 ], [ 106.589651987808637, 16.623733360800273 ], [ 106.58958188532884, 16.623844970438977 ], [ 106.589522028596107, 16.623941595397834 ], [ 106.589476731609153, 16.624013934907374 ], [ 106.589429816872652, 16.624089891363049 ], [ 106.589395844132426, 16.624142595824829 ], [ 106.589330594901256, 16.624246971284851 ], [ 106.589214656184652, 16.624434020234528 ], [ 106.589174751696177, 16.624493958533428 ], [ 106.589111120214497, 16.624582832528368 ], [ 106.589039399985168, 16.624681523951253 ], [ 106.58897361150413, 16.624772464693905 ], [ 106.588922382768928, 16.624844803890237 ], [ 106.58885120178941, 16.624941428345654 ], [ 106.58874173407095, 16.625093857200465 ], [ 106.588677024089606, 16.625183247625095 ], [ 106.588610696358757, 16.625275738251837 ], [ 106.588557849873965, 16.625350144086799 ], [ 106.588482354895717, 16.625450385235499 ], [ 106.588373965676979, 16.625601780273204 ], [ 106.588265037208373, 16.625753175191445 ], [ 106.588170129235735, 16.625882351648407 ], [ 106.588053112019452, 16.626043047039484 ], [ 106.587976538541525, 16.62615052169539 ], [ 106.587912367810006, 16.626239394923072 ], [ 106.587837412081683, 16.62634376924257 ], [ 106.587410326204775, 16.626510147990892 ], [ 106.587010742069936, 16.626665675820817 ], [ 106.58670390890839, 16.626786584412116 ], [ 106.586363642256458, 16.626917310281957 ], [ 106.58525925857478, 16.62734927339234 ], [ 106.584864527688524, 16.627502217035619 ], [ 106.584441755810374, 16.627745066488977 ], [ 106.584009277435044, 16.627997216234412 ], [ 106.583892799468614, 16.628064387217258 ], [ 106.583505618080181, 16.62828760139131 ], [ 106.583279133145481, 16.628420909732512 ], [ 106.583046177212623, 16.628541817217677 ], [ 106.582945876741533, 16.628590386869753 ], [ 106.582583500845956, 16.628768131023563 ], [ 106.582335445917465, 16.628889038289895 ], [ 106.582118667479918, 16.628994444562476 ], [ 106.58154921964406, 16.6292734608868 ], [ 106.581128604765269, 16.629479105991994 ], [ 106.580508467443991, 16.629782922980155 ], [ 106.580174132540392, 16.629946198577738 ], [ 106.579642432193609, 16.63027998306945 ], [ 106.579142008337854, 16.630596199420591 ], [ 106.57867717497183, 16.630889680796408 ], [ 106.578181065114833, 16.631199695846547 ], [ 106.577755057737591, 16.63177838926622 ], [ 106.57755553529509, 16.632048101138533 ], [ 106.577252476882393, 16.632516220844114 ], [ 106.576999029455465, 16.632908903159642 ], [ 106.576785486516997, 16.633236482265659 ], [ 106.576620476064534, 16.633491724903667 ], [ 106.576530960590347, 16.63362812973692 ], [ 106.576382127633238, 16.63386373785676 ], [ 106.576324967149731, 16.633945373936029 ], [ 106.576052106728397, 16.634183048399322 ], [ 106.575945335259163, 16.634282251566439 ], [ 106.575671396338109, 16.634521992341771 ], [ 106.575382358421422, 16.634774133178674 ], [ 106.575018904026138, 16.635093442205388 ], [ 106.5747848695936, 16.635301147791729 ], [ 106.574585347151086, 16.635475785647944 ], [ 106.574482889680624, 16.635564654555129 ], [ 106.573994329321422, 16.635873628691002 ], [ 106.573539202452636, 16.636161935211575 ], [ 106.573406546990853, 16.636243570312494 ], [ 106.573271734529712, 16.636329338798813 ], [ 106.573042014095932, 16.636475041802068 ], [ 106.572568552732378, 16.636688946010523 ], [ 106.572131760358261, 16.636882182940536 ], [ 106.571670162491301, 16.637086786536539 ], [ 106.571566626521161, 16.637135354024739 ], [ 106.570715690266411, 16.637360624341046 ], [ 106.570556072312414, 16.637400924966062 ], [ 106.56979573003153, 16.637626194970355 ], [ 106.569573559095602, 16.637693362580961 ], [ 106.568779783324345, 16.638034367010313 ], [ 106.568020519543182, 16.638360904016643 ], [ 106.567351849735886, 16.63863990671436 ], [ 106.566796422395996, 16.638869308628326 ], [ 106.56663249044324, 16.63893854248537 ], [ 106.566266879048584, 16.63936841184422 ], [ 106.566049022111386, 16.639624679657253 ], [ 106.565848421169193, 16.64007314750577 ], [ 106.565637035230097, 16.640544347617283 ], [ 106.565580953246297, 16.640675580775468 ], [ 106.565529185261184, 16.640809913836474 ], [ 106.56537711680501, 16.641224279070062 ], [ 106.565195928857207, 16.641719242850911 ], [ 106.565113962880872, 16.641940374481905 ], [ 106.565003955912559, 16.642236938465064 ], [ 106.564917675937437, 16.642472536006178 ], [ 106.564856201455143, 16.642635800798999 ], [ 106.564756979483732, 16.642902397440235 ], [ 106.564706289998355, 16.643341557765527 ], [ 106.564656679012671, 16.643777617139982 ], [ 106.56462324552227, 16.644078311533512 ], [ 106.564594126030684, 16.644342839544628 ], [ 106.564579027035037, 16.64447717003549 ], [ 106.56454775054398, 16.644749963973357 ], [ 106.564636187518502, 16.645341016173283 ], [ 106.56472462449301, 16.645915533697426 ], [ 106.564785020475611, 16.646315421676881 ], [ 106.564841102459482, 16.646677076753644 ], [ 106.564946795428995, 16.647381785542404 ], [ 106.565250932341357, 16.64791806512746 ], [ 106.565557226253048, 16.648462609528679 ], [ 106.565690960214525, 16.6486961328395 ], [ 106.565834400673182, 16.649006119095596 ], [ 106.565999411125617, 16.649356402961427 ], [ 106.566150401082112, 16.649695320074546 ], [ 106.566240995055992, 16.64989061045587 ], [ 106.566347766525226, 16.650273957662524 ], [ 106.566440517498492, 16.650628372322114 ], [ 106.566539739469917, 16.650996218913875 ], [ 106.566651903437588, 16.651410562122198 ], [ 106.566658374435718, 16.651580018936713 ], [ 106.566668080932942, 16.651989194529421 ], [ 106.566676708930473, 16.652327073716066 ], [ 106.566689650926762, 16.652807543092791 ], [ 106.56669396492552, 16.653063792934258 ], [ 106.566699357423957, 16.653232215022388 ], [ 106.566701514423372, 16.653326242013325 ], [ 106.566707985421473, 16.653570092016469 ], [ 106.56671014242086, 16.653733347353558 ], [ 106.566719848918041, 16.654069156944889 ], [ 106.566727398415864, 16.654383267537398 ], [ 106.566737104913074, 16.654702543894626 ], [ 106.5667554394078, 16.655401023648761 ], [ 106.566765145904981, 16.655774027326117 ], [ 106.566777009401562, 16.656292718212871 ], [ 106.566775930901855, 16.656386743701294 ], [ 106.566769459903739, 16.65653139820872 ], [ 106.566766224404674, 16.656668819889568 ], [ 106.566758674906822, 16.656796942270102 ], [ 106.566750046909306, 16.657029422177185 ], [ 106.566742497411468, 16.657215405899645 ], [ 106.566731712414608, 16.657527444850448 ], [ 106.566722005917427, 16.657761990349613 ], [ 106.566706906921752, 16.658140155615477 ], [ 106.566620626946644, 16.658380899780916 ], [ 106.566522483474927, 16.658639208634693 ], [ 106.566393063512223, 16.65898740841812 ], [ 106.566320804033069, 16.659184755788715 ], [ 106.566187070071592, 16.659537087499587 ], [ 106.566019902619786, 16.659986541966827 ], [ 106.565841950171077, 16.660216951548993 ], [ 106.565665076222018, 16.660442194729001 ], [ 106.565556147753412, 16.660580646827412 ], [ 106.565205635354417, 16.661029065623062 ], [ 106.565012583910075, 16.661278071920087 ], [ 106.564976993420316, 16.661318367514468 ], [ 106.564865907952324, 16.661473350490752 ], [ 106.564620010023191, 16.661813279379352 ], [ 106.564507846055534, 16.661964129087917 ], [ 106.564506767555841, 16.662494168559675 ], [ 106.564506767555855, 16.662622287042158 ], [ 106.564597361529721, 16.663003542341674 ], [ 106.564725702992746, 16.663529446102185 ], [ 106.564776392478137, 16.663747452934892 ], [ 106.565097785385504, 16.664271288242958 ], [ 106.565421335292271, 16.664804420930665 ], [ 106.565649977226357, 16.665176373089185 ], [ 106.565823615676308, 16.665483233075811 ], [ 106.565971370133738, 16.665744631935627 ], [ 106.566073827604214, 16.665924408019361 ], [ 106.566071670604856, 16.666650743006134 ], [ 106.566002646624739, 16.667047488122144 ], [ 106.565657526724166, 16.667241727618613 ], [ 106.564994249415349, 16.667316117160787 ], [ 106.564090466675836, 16.667416336359405 ], [ 106.56344983786046, 16.667485559898928 ], [ 106.562464089144612, 16.667597144059183 ], [ 106.56181483233172, 16.667672566649184 ], [ 106.561618545388299, 16.667696329924794 ], [ 106.561123514030982, 16.667954626208566 ], [ 106.560863595605881, 16.668092039689466 ], [ 106.56055083069603, 16.66836789953744 ], [ 106.560424646232377, 16.668472250911844 ], [ 106.560115116821606, 16.668747077031558 ], [ 106.560004031353614, 16.668964044742001 ], [ 106.559837942401472, 16.669294661732476 ], [ 106.559702051440624, 16.669566387143846 ], [ 106.559559689481659, 16.669850510260162 ], [ 106.559429191019277, 16.670107770463357 ], [ 106.559286829060312, 16.670393959118318 ], [ 106.559201627584855, 16.670670848817494 ], [ 106.559103484113152, 16.6709921643467 ], [ 106.559004262141755, 16.671313479336295 ], [ 106.558905040170345, 16.671635826950826 ], [ 106.558818760195209, 16.671916847504985 ], [ 106.558729244721007, 16.672215431391496 ], [ 106.558550213772634, 16.672789868284635 ], [ 106.558454227300331, 16.673096716062147 ], [ 106.55842942180746, 16.673263054213937 ], [ 106.558381967821148, 16.673552337611682 ], [ 106.558329121336371, 16.673839554266667 ], [ 106.558265489854705, 16.674211488862543 ], [ 106.558233134864025, 16.674416052582018 ], [ 106.558179209879512, 16.674729096638284 ], [ 106.558147933388554, 16.674919712322588 ], [ 106.558074056159825, 16.675355699786117 ], [ 106.557988854684424, 16.675841277071012 ], [ 106.557923066203401, 16.676225605452302 ], [ 106.557890711212693, 16.676422935046958 ], [ 106.557863748720479, 16.67657893892795 ], [ 106.557826001231376, 16.67680416284955 ], [ 106.557768840747855, 16.677138898830176 ], [ 106.557724622260579, 16.67739614923196 ], [ 106.557695502768937, 16.677583146294797 ], [ 106.557649127282303, 16.677767043780477 ], [ 106.557583338801265, 16.678041856547491 ], [ 106.557506765323353, 16.678356960925928 ], [ 106.557421563847882, 16.67870512483211 ], [ 106.557308321380532, 16.679171064260771 ], [ 106.557256553395476, 16.679384920780286 ], [ 106.557177822918206, 16.679703122308673 ], [ 106.557105563439009, 16.680005826517942 ], [ 106.557060266452083, 16.680201085975483 ], [ 106.556980457475063, 16.680529617311208 ], [ 106.556903883997151, 16.680843684475498 ], [ 106.55683701701642, 16.681118492821067 ], [ 106.556722696049334, 16.681594757477058 ], [ 106.556541508101574, 16.681933617507813 ], [ 106.55640561714074, 16.682183629706465 ], [ 106.556245999186729, 16.682483230670922 ], [ 106.556167268709444, 16.682631997871933 ], [ 106.556153248213448, 16.682683653122997 ], [ 106.556098244729313, 16.682904737439806 ], [ 106.556031377748596, 16.683200204865937 ], [ 106.555945097773474, 16.683523565546707 ], [ 106.555855582299273, 16.683852091173438 ], [ 106.555801657314802, 16.684051479092989 ], [ 106.55572939783562, 16.684261197768432 ], [ 106.555621547866679, 16.684571126424181 ], [ 106.555470557910212, 16.685009158067384 ], [ 106.555403690929509, 16.685207511688855 ], [ 106.555326038951861, 16.685429626176948 ], [ 106.555279663465257, 16.685560828567262 ], [ 106.555253779472707, 16.685658972028698 ], [ 106.55515563600099, 16.686055677717228 ], [ 106.555077984023356, 16.686353206443318 ], [ 106.554983076050732, 16.686738546778717 ], [ 106.554921601568466, 16.686977188795282 ], [ 106.554853656088028, 16.687249922163662 ], [ 106.554795417104827, 16.687473067357409 ], [ 106.554773847111036, 16.687566044444576 ], [ 106.554745806119115, 16.687673484577871 ], [ 106.554711294129078, 16.687811916968254 ], [ 106.554645505647997, 16.688069153009497 ], [ 106.554606679659216, 16.688221015088178 ], [ 106.554589423664169, 16.688293330321333 ], [ 106.554540891178178, 16.688486515167146 ], [ 106.554488044693386, 16.688700361266061 ], [ 106.55444274770646, 16.688874950415784 ], [ 106.554427648710785, 16.68911875511537 ], [ 106.554403921717665, 16.689497891466729 ], [ 106.554371566726985, 16.690012358664362 ], [ 106.554357546230989, 16.690247897401068 ], [ 106.554342447235356, 16.690491700349089 ], [ 106.554325191240352, 16.690764428701996 ], [ 106.553812903887959, 16.69136980160955 ], [ 106.553519551972514, 16.691713809591509 ], [ 106.55313992008189, 16.692166287615706 ], [ 106.55297167413039, 16.692361534651383 ], [ 106.552604984236069, 16.692796449288771 ], [ 106.552293297825898, 16.693163181764731 ], [ 106.551953570423819, 16.693566070152212 ], [ 106.551636491515211, 16.693942098547346 ], [ 106.551473638062149, 16.694135277682342 ], [ 106.551297842612797, 16.694340853124835 ], [ 106.551295685613397, 16.694705516556475 ], [ 106.551295685613439, 16.695193110765572 ], [ 106.551296764113118, 16.695609424327813 ], [ 106.551295685613439, 16.695948259510256 ], [ 106.551296764113118, 16.696282961966258 ], [ 106.551295685613454, 16.696511261761849 ], [ 106.551295685613397, 16.696737495226781 ], [ 106.551296764113118, 16.696910010976591 ], [ 106.551296764113118, 16.697105253164185 ], [ 106.551296764113118, 16.697243678721247 ], [ 106.551296764113118, 16.69758044495611 ], [ 106.551295685613454, 16.697892418054924 ], [ 106.551296764113118, 16.698145508439513 ], [ 106.551296764113118, 16.698464711752493 ], [ 106.551297842612797, 16.698756023048258 ], [ 106.551297842612797, 16.699055598030846 ], [ 106.551296764113118, 16.699211583439205 ], [ 106.551296764113118, 16.699409922317493 ], [ 106.551296764113118, 16.699697100119987 ], [ 106.551297842612797, 16.699992541581253 ], [ 106.551298921112476, 16.700350996167099 ], [ 106.551296764113076, 16.70071874714673 ], [ 106.551296764113076, 16.701156741771491 ], [ 106.551296764113076, 16.701624692465771 ], [ 106.551296764113076, 16.702046157010226 ], [ 106.551296764113076, 16.702046157010226 ], [ 106.551297842612797, 16.702339528840088 ], [ 106.551298921112476, 16.702620504254568 ], [ 106.551295685613439, 16.704399316953058 ], [ 106.551297842612797, 16.704971591150223 ], [ 106.551297842612797, 16.705497379469136 ], [ 106.551299999612169, 16.705989078040584 ], [ 106.551296764113076, 16.706486973202708 ], [ 106.551298921112448, 16.706996229774106 ], [ 106.551298921112448, 16.707343308525008 ], [ 106.551298921112448, 16.707602584203919 ], [ 106.551296764113076, 16.708150057588131 ], [ 106.551296764113076, 16.708716122756876 ], [ 106.551299999612169, 16.70899553934267 ], [ 106.551297303362929, 16.709153066073032 ], [ 106.55129946036233, 16.709446426981735 ], [ 106.551297303362944, 16.709776973944241 ], [ 106.551299460362344, 16.710075498677792 ], [ 106.551298381862608, 16.710364726347986 ], [ 106.551297303362944, 16.710707667160392 ], [ 106.551298381862665, 16.711097090167033 ], [ 106.55129946036233, 16.711543324571682 ], [ 106.55129946036233, 16.712358319437012 ], [ 106.551299460362316, 16.712864461517665 ], [ 106.551301617361702, 16.713504884267127 ], [ 106.551295146363529, 16.71406060420146 ], [ 106.551303774361045, 16.714517161003354 ], [ 106.551301617361702, 16.715025363217464 ], [ 106.551301617361645, 16.715587276284907 ], [ 106.551301617361688, 16.716128529218871 ], [ 106.551292989364228, 16.729225555616473 ], [ 106.551275733369167, 16.736000951161753 ], [ 106.551275733369167, 16.747468998450245 ], [ 106.551275733369152, 16.756391785141556 ], [ 106.551310245359204, 16.764421935471049 ], [ 106.551310245359204, 16.769411693500562 ], [ 106.551310245359176, 16.772534356250205 ], [ 106.551292989364171, 16.777408251149655 ], [ 106.551292989364171, 16.780117752222939 ], [ 106.551292989364171, 16.786726129377673 ], [ 106.551310245359218, 16.792871713791488 ], [ 106.551292989364171, 16.798967540518571 ], [ 106.551292989364185, 16.804699751795244 ], [ 106.551310245359218, 16.8085816985372 ], [ 106.551292989364185, 16.813306003131327 ], [ 106.551292989364171, 16.819665458052661 ], [ 106.551292989364171, 16.824752868368023 ], [ 106.551310245359218, 16.828783057497002 ], [ 106.551292989364185, 16.833688540856283 ], [ 106.551292989364185, 16.838726026197691 ], [ 106.551310245359218, 16.843581704862281 ], [ 106.551292989364185, 16.848437258947158 ], [ 106.551292989364185, 16.853457836891302 ], [ 106.551327501354251, 16.858560853556966 ], [ 106.551310245359218, 16.865133468195022 ], [ 106.550249001665094, 16.865513285673885 ], [ 106.547565694438433, 16.866809613494421 ], [ 106.54282892380364, 16.86908848670442 ], [ 106.538678856999752, 16.871193942960254 ], [ 106.538178433143955, 16.87179667709789 ], [ 106.537082677459736, 16.873959898851179 ], [ 106.535615917882481, 16.876857916648571 ], [ 106.530905031240266, 16.886047063593463 ], [ 106.530887775245205, 16.886360791172454 ], [ 106.519205466612178, 16.88976222512931 ], [ 106.514787931885365, 16.895062395640075 ], [ 106.514287508029568, 16.895871442836601 ], [ 106.515478171686425, 16.897093262637696 ], [ 106.515926827557138, 16.897819746334953 ], [ 106.517082979223915, 16.898942488363002 ], [ 106.517876754995115, 16.899520367683778 ], [ 106.518359922855893, 16.900824717355714 ], [ 106.518446202831015, 16.901485144128838 ], [ 106.518584250791221, 16.901782335422112 ], [ 106.518946626686798, 16.901864888475998 ], [ 106.519981986388373, 16.901650250460705 ], [ 106.520309850293899, 16.90176582480699 ], [ 106.52042201426157, 16.901914420290996 ], [ 106.520430642259058, 16.902269397917649 ], [ 106.519826682433148, 16.903664536068554 ], [ 106.518446202831015, 16.905530207639575 ], [ 106.517609287072204, 16.906091556534285 ], [ 106.516919047271159, 16.906380485460843 ], [ 106.516824139298521, 16.906628138473984 ], [ 106.516841395293525, 16.906784985214024 ], [ 106.517074351226384, 16.90718948409922 ], [ 106.517108863216464, 16.907684787674413 ], [ 106.516936303266192, 16.908303915313155 ], [ 106.516340971437756, 16.909187200557376 ], [ 106.516177039485001, 16.910120011321101 ], [ 106.516228807470071, 16.911837031452265 ], [ 106.516375483427822, 16.913661348199629 ], [ 106.51654804337808, 16.91451158933717 ], [ 106.516746487320859, 16.914767486404106 ], [ 106.517488495107017, 16.915411354906034 ], [ 106.517764591027429, 16.915667250750872 ], [ 106.518299526873264, 16.916401917535325 ], [ 106.518868974709122, 16.917730914214484 ], [ 106.51939528255744, 16.918894810437084 ], [ 106.519576470505214, 16.919695500825984 ], [ 106.519576470505214, 16.920190771527622 ], [ 106.519287432588555, 16.920892402792202 ], [ 106.519257234597276, 16.921490850922929 ], [ 106.519291746587328, 16.921705466341013 ], [ 106.519533330517703, 16.921936590363899 ], [ 106.519774914448078, 16.922010880168159 ], [ 106.520444662755068, 16.922008300661556 ], [ 106.522208548996673, 16.921506328004529 ], [ 106.523649424581407, 16.921025506075374 ], [ 106.524320251388062, 16.920926452478255 ], [ 106.524717139273704, 16.920993520023671 ], [ 106.52503421818227, 16.921199881552067 ], [ 106.525211092131329, 16.921575458953495 ], [ 106.525211092131286, 16.921919049711406 ], [ 106.525104320662066, 16.922357565533886 ], [ 106.524781849255021, 16.922943627438819 ], [ 106.523926599001555, 16.923862956787559 ], [ 106.523531868115299, 16.924478935893884 ], [ 106.523531868115256, 16.924820457779639 ], [ 106.523567458605015, 16.925092849413634 ], [ 106.52374541105371, 16.925436433753593 ], [ 106.524208087420391, 16.925571597391169 ], [ 106.524600661307232, 16.925505563259748 ], [ 106.524987842695637, 16.92537039957476 ], [ 106.525238054623514, 16.925099040128011 ], [ 106.525313549601762, 16.924670848570575 ], [ 106.525346983092163, 16.924245751410588 ], [ 106.525562548217522, 16.924243429882203 ], [ 106.52570127024002, 16.924344287366864 ], [ 106.525667027874889, 16.924754939278582 ], [ 106.52584282332424, 16.925200155100661 ], [ 106.526024011272014, 16.925435401969736 ], [ 106.526262898953178, 16.925512269852277 ], [ 106.526515807130295, 16.925702633802143 ], [ 106.526679199833183, 16.925660846610121 ], [ 106.526804845046996, 16.925603582665261 ], [ 106.52713540520169, 16.92538948758197 ], [ 106.527303651153233, 16.925299206449775 ], [ 106.527570579826261, 16.925141859230205 ], [ 106.527761474271244, 16.92502475154209 ], [ 106.528081788678932, 16.924819941886025 ], [ 106.528246799131395, 16.924783829329108 ], [ 106.528341707104033, 16.924777896551241 ], [ 106.5284500963228, 16.924817878311536 ], [ 106.528562799540296, 16.924897325913239 ], [ 106.528744526737924, 16.925068602447052 ], [ 106.528964001424683, 16.925277023079246 ], [ 106.529161366867783, 16.925441076780931 ], [ 106.529478985026273, 16.9257108880612 ], [ 106.529711940959118, 16.925875973166306 ], [ 106.529844596420901, 16.925954388540525 ], [ 106.529996664877046, 16.926010104707625 ], [ 106.530030098367448, 16.92601577950149 ], [ 106.530125815214845, 16.926011652378698 ], [ 106.530165719703362, 16.926003140187643 ], [ 106.530370904269176, 16.925928851958432 ], [ 106.530482663799475, 16.925929496821659 ], [ 106.530545621218849, 16.925949874498489 ], [ 106.530846657444584, 16.926145396905859 ], [ 106.53096798865964, 16.926168096064004 ], [ 106.531089724312054, 16.926167580174077 ], [ 106.531263093137071, 16.926125793085252 ], [ 106.531384424352083, 16.926077815305156 ], [ 106.531531100309834, 16.92594368381209 ], [ 106.531580711295547, 16.925876618029715 ], [ 106.531627626032005, 16.925794075495538 ], [ 106.531668069770348, 16.925727009659877 ], [ 106.531700424761013, 16.92569502440676 ], [ 106.531795063108746, 16.925671293409003 ], [ 106.531943626440935, 16.925677226158722 ], [ 106.532034759664654, 16.925691929059401 ], [ 106.532232664357636, 16.925740938720015 ], [ 106.532371521192616, 16.92576621738208 ], [ 106.532441893297346, 16.925762348199342 ], [ 106.532509029902982, 16.925732168571159 ], [ 106.532653818486239, 16.925623315513093 ], [ 106.532725943152982, 16.925546576648802 ], [ 106.532763960267005, 16.925471256455779 ], [ 106.532786069510621, 16.925392840880342 ], [ 106.53278957463462, 16.925337382476684 ], [ 106.532830287997854, 16.925173328684647 ], [ 106.532854014991045, 16.925121223519536 ], [ 106.532923578220974, 16.925041776012289 ], [ 106.532966178958674, 16.924992766169684 ], [ 106.533035202938834, 16.92495974900536 ], [ 106.533139278158842, 16.924925700048604 ], [ 106.533376008840605, 16.924872563028011 ], [ 106.533526998797115, 16.924834902800452 ], [ 106.53376858272749, 16.924765773048062 ], [ 106.534485245770924, 16.924557867744287 ], [ 106.534736536198494, 16.924456752426728 ], [ 106.534793696682016, 16.924427862326027 ], [ 106.534989983625479, 16.924371113901021 ], [ 106.535116168089075, 16.924351509895683 ], [ 106.535248958363297, 16.924349704263513 ], [ 106.535427989311671, 16.924324296437526 ], [ 106.535523975784017, 16.92430469242731 ], [ 106.53570893848071, 16.924270127456953 ], [ 106.535907382423474, 16.924219569727704 ], [ 106.536100973117726, 16.924188616009214 ], [ 106.536200734338976, 16.924183972951006 ], [ 106.53631856042999, 16.924187326270836 ], [ 106.536529946369043, 16.924263936715331 ], [ 106.536689294698121, 16.924289989418305 ], [ 106.536853496275825, 16.924277607936148 ], [ 106.537068926588731, 16.924253876759746 ], [ 106.537196998426808, 16.924254392654916 ], [ 106.537278425153346, 16.924271159247205 ], [ 106.537368479877401, 16.924337451759019 ], [ 106.537429415109841, 16.924413804195062 ], [ 106.537525940832012, 16.924603653361295 ], [ 106.53755559957348, 16.92465730635185 ], [ 106.537631094551699, 16.924751714942328 ], [ 106.537683401786651, 16.924814396029536 ], [ 106.53785272623783, 16.924911899901485 ], [ 106.538058719678475, 16.924996506394972 ], [ 106.538274958866168, 16.925073890349616 ], [ 106.538590959275083, 16.925227626378504 ], [ 106.538744106230922, 16.92528437454537 ], [ 106.538992161159413, 16.925364853734497 ], [ 106.539091922380692, 16.925378782821429 ], [ 106.539288209324127, 16.92538806887881 ], [ 106.539583178989062, 16.925406125100196 ], [ 106.539679435086327, 16.92542005418408 ], [ 106.539721226949297, 16.925428824347474 ], [ 106.539764906186718, 16.925442237537755 ], [ 106.539788633179867, 16.925451265646064 ], [ 106.539903223771844, 16.925510335258323 ], [ 106.539973326251641, 16.925546447675899 ], [ 106.540029677860389, 16.925586687218747 ], [ 106.540067694974411, 16.925614287413048 ], [ 106.540171500569514, 16.92573371624453 ], [ 106.540375876260626, 16.925806714823448 ], [ 106.540444630615795, 16.925830187858704 ], [ 106.54054547033671, 16.925877133920451 ], [ 106.54067057630067, 16.925934913672688 ], [ 106.540815095259035, 16.925999915872755 ], [ 106.54106746418627, 16.926072656403363 ], [ 106.541441703578442, 16.926178929752169 ], [ 106.541597007533653, 16.926224328057643 ], [ 106.542058605400655, 16.926324410646963 ], [ 106.542264598841271, 16.926370840696105 ], [ 106.542646926981064, 16.926453898866551 ], [ 106.543000135629285, 16.926531798111139 ], [ 106.543150047086073, 16.926564299110943 ], [ 106.54347036149376, 16.926534377555775 ], [ 106.543907153867892, 16.92649259054836 ], [ 106.543969167600011, 16.92648639987981 ], [ 106.544297031505536, 16.926398698720082 ], [ 106.544738137878412, 16.926278496475991 ], [ 106.54519110774784, 16.926155198815408 ], [ 106.545793449824245, 16.926057179697079 ], [ 106.546486385874516, 16.925941620249926 ], [ 106.546592078844029, 16.925923564079902 ], [ 106.547081178453084, 16.925842569238764 ], [ 106.547468899091328, 16.925776535202381 ], [ 106.547520667076427, 16.925769312728246 ], [ 106.547536305321913, 16.925868621723314 ], [ 106.547572435061483, 16.926116249119239 ], [ 106.547588073306983, 16.926233872018209 ], [ 106.547603172302615, 16.926343756502167 ], [ 106.547621506797356, 16.926460347480752 ], [ 106.547658715036604, 16.926723450751187 ], [ 106.547675971031637, 16.926841589158879 ], [ 106.547692148526949, 16.927057230253393 ], [ 106.547734749264649, 16.927312078501178 ], [ 106.547762790256613, 16.927483352838244 ], [ 106.54779298824792, 16.927658238220424 ], [ 106.547818872240441, 16.927841893491138 ], [ 106.547844756232962, 16.928025032697832 ], [ 106.547868483226154, 16.928194758733145 ], [ 106.547909466214321, 16.928482621993314 ], [ 106.547924565209996, 16.928577544548908 ], [ 106.547931036208126, 16.928885010759046 ], [ 106.547937507206271, 16.929354463231935 ], [ 106.547949909952692, 16.92986673256155 ], [ 106.547954223951464, 16.930239197402209 ], [ 106.54796608744806, 16.93078809161344 ], [ 106.547975793945255, 16.931386508290537 ], [ 106.547983343443107, 16.931855954524444 ], [ 106.547996285439382, 16.932408971003284 ], [ 106.547999520938419, 16.932697859562499 ], [ 106.548009227435614, 16.933282857536678 ], [ 106.548022169431889, 16.933882298018872 ], [ 106.548029718929698, 16.934218644165721 ], [ 106.548034032928484, 16.934568402251355 ], [ 106.548041582426293, 16.934929508737337 ], [ 106.548046974924731, 16.935282360691392 ], [ 106.54805021042381, 16.935442278756771 ], [ 106.548055602922247, 16.935651719630378 ], [ 106.548055602922247, 16.935692988740534 ], [ 106.548057759921647, 16.935822986378387 ], [ 106.548060995420698, 16.935929254221964 ], [ 106.548060995420698, 16.93607266412933 ], [ 106.548066387919135, 16.93626456498545 ], [ 106.548070701917922, 16.936520432489164 ], [ 106.54807285891728, 16.936664873668246 ], [ 106.548076094416373, 16.936917645464824 ], [ 106.548085800913569, 16.937296286663518 ], [ 106.548091193412006, 16.937684212550913 ], [ 106.54809550741075, 16.937896746075598 ], [ 106.548104135408281, 16.938303241565695 ], [ 106.548113841905476, 16.938866556199009 ], [ 106.548120312903606, 16.939298842292054 ], [ 106.54813109790048, 16.939813663813332 ], [ 106.548138647398304, 16.940230472189207 ], [ 106.548146196896113, 16.940683389154586 ], [ 106.548158060392723, 16.941336454294053 ], [ 106.548171002388955, 16.941984358700477 ], [ 106.54818070888615, 16.942544567239995 ], [ 106.548478374800411, 16.95851651440335 ], [ 106.548564654775561, 16.964260388831217 ], [ 106.548668190745715, 16.968733226866938 ], [ 106.548754470720823, 16.973420514756729 ], [ 106.548858006691006, 16.97929596384347 ], [ 106.548944286666128, 16.983735436783995 ], [ 106.549030566641278, 16.988686397930852 ], [ 106.549151358606466, 16.994016786649542 ], [ 106.549211754589052, 16.998200127998928 ], [ 106.549224696585298, 16.998243446133976 ], [ 106.549534225996112, 16.999423345771618 ], [ 106.549550403491423, 16.999482134283063 ], [ 106.549602171476494, 17.000078269375052 ], [ 106.549632369467815, 17.000418622469915 ], [ 106.549653939461621, 17.000649649673026 ], [ 106.549675509455412, 17.000904398089126 ], [ 106.54972080644238, 17.00140358021611 ], [ 106.549772574427465, 17.001989395561726 ], [ 106.549800615419414, 17.00227611437673 ], [ 106.549758553931539, 17.002631933878806 ], [ 106.549726198940874, 17.002915557635642 ], [ 106.549706785946427, 17.003146581760298 ], [ 106.549699236448618, 17.003261062359364 ], [ 106.549688451451715, 17.003410608982527 ], [ 106.549666881457952, 17.003745799256027 ], [ 106.549657174960757, 17.003899470904006 ], [ 106.549705707446748, 17.004444024453996 ], [ 106.549742376436228, 17.00484625049166 ], [ 106.54978767342314, 17.005371205739262 ], [ 106.54981894991414, 17.005709486533981 ], [ 107.19196858463792, 16.910664836704285 ] ] ] } },
{ "type": "Feature", "properties": { "fid": 2, "ten_vung": null, "id": null, "nam": null, "mau": null, "mo_ta": null, "thoi_ky": null }, "geometry": { "type": "Polygon", "coordinates": [ [ [ 106.54981894991414, 17.005709486545808 ], [ 106.549835932373924, 17.005803758446483 ], [ 106.549877589429911, 17.006033489863555 ], [ 106.549952410355687, 17.006458917669764 ], [ 106.550022782469682, 17.006839481361364 ], [ 106.550091536833918, 17.007217723776566 ], [ 106.550129958390414, 17.007442812458713 ], [ 106.549709747893687, 17.007792820954652 ], [ 106.549397926629979, 17.008054263338167 ], [ 106.548831714218565, 17.008525322806335 ], [ 106.548406246035185, 17.00887881000358 ], [ 106.547297278583699, 17.009801586348324 ], [ 106.546954720074822, 17.009591970327087 ], [ 106.546656245246552, 17.009331303582286 ], [ 106.546401449661388, 17.009021906381701 ], [ 106.546205701942043, 17.008678474890541 ], [ 106.546077090837159, 17.008258466602836 ], [ 106.545557793168399, 17.006562180455184 ], [ 106.545381458446002, 17.005980504696382 ], [ 106.545205123723605, 17.00540578870876 ], [ 106.545179239727631, 17.005319542483104 ], [ 106.545116956362406, 17.005125778396351 ], [ 106.545093498991093, 17.005044559857275 ], [ 106.544524859955061, 17.003183485400655 ], [ 106.543215291534992, 16.994755820047068 ], [ 106.543064840808555, 16.994710953994922 ], [ 106.54140341181855, 16.994300970607124 ], [ 106.540798373413196, 16.99414625966174 ], [ 106.53945402337358, 16.993805895132493 ], [ 106.539130473424194, 16.993725445244387 ], [ 106.538090260336986, 16.993460888638133 ], [ 106.537148729984352, 16.993227274014636 ], [ 106.53690444977255, 16.99263782125356 ], [ 106.536585753072416, 16.991876635418834 ], [ 106.536236319127113, 16.991033448315662 ], [ 106.535802762194976, 16.989990675901879 ], [ 106.535645840469527, 16.989613172292806 ], [ 106.535574659480673, 16.989425967352336 ], [ 106.535351410015608, 16.988849653449194 ], [ 106.535273758027742, 16.988653938391984 ], [ 106.535171839793705, 16.988388601051501 ], [ 106.534984180823074, 16.98790588725948 ], [ 106.534728576363079, 16.987240606599748 ], [ 106.534395319915248, 16.986381926910877 ], [ 106.534269944309884, 16.986053925703818 ], [ 106.534119493583432, 16.985662489550386 ], [ 106.533940732236402, 16.985200655726029 ], [ 106.533466327123136, 16.983977989667746 ], [ 106.533224473536009, 16.983352922258398 ], [ 106.532815182850058, 16.982597113958278 ], [ 106.532141390080483, 16.981347741463196 ], [ 106.531745041392512, 16.980616680634071 ], [ 106.531691655650832, 16.980519205641638 ], [ 106.531622092411723, 16.980389238906294 ], [ 106.531496716806373, 16.980157928839166 ], [ 106.531343030580402, 16.979874786362142 ], [ 106.531223317099133, 16.979653532653767 ], [ 106.531069630873176, 16.979368068567663 ], [ 106.531014627381808, 16.979269819310204 ], [ 106.530801084415202, 16.978870632821668 ], [ 106.529358860515899, 16.978130278888624 ], [ 106.528956040828916, 16.977924495562988 ], [ 106.527867295249308, 16.977365939684507 ], [ 106.527755670516783, 16.977305596983175 ], [ 106.526930618145883, 16.976881650278113 ], [ 106.522895950277302, 16.974805225942486 ], [ 106.522866830781851, 16.974794395054875 ], [ 106.522771383546811, 16.974742561512674 ], [ 106.52231356036846, 16.974546831739179 ], [ 106.521033111443813, 16.973994454914003 ], [ 106.51992818836672, 16.973514798649198 ], [ 106.518598398074786, 16.972939209513605 ], [ 106.51769731146581, 16.972549293289998 ], [ 106.516273691688625, 16.97193347157295 ], [ 106.515308973589583, 16.97151724921812 ], [ 106.512648314505938, 16.972041782071599 ], [ 106.510400720857675, 16.972491527854654 ], [ 106.509908924934635, 16.972588491253852 ], [ 106.508301960186103, 16.973180585817591 ], [ 106.507479064814859, 16.973486947602623 ], [ 106.507470032378762, 16.973490042163561 ], [ 106.505968221363773, 16.974452190260362 ], [ 106.505792965141211, 16.974564625363406 ], [ 106.505509319685586, 16.974868921864125 ], [ 106.504354246366319, 16.976108796065148 ], [ 106.503344770524279, 16.97719084264725 ], [ 106.502615704638345, 16.977977875469946 ], [ 106.496645129572514, 16.98102798328534 ], [ 106.492353778744018, 16.981206429045415 ], [ 106.48796212743116, 16.982014590232779 ], [ 106.479377268774513, 16.982014590232772 ], [ 106.477510385566646, 16.982730947175078 ], [ 106.474155711841561, 16.98273043144032 ], [ 106.471732322720754, 16.983446269916495 ], [ 106.469851419015058, 16.984890316166396 ], [ 106.465390743713058, 16.987561772422399 ], [ 106.463915355943911, 16.990392030510954 ], [ 106.462759204124836, 16.993321261390204 ], [ 106.462388200182872, 16.997983182349259 ], [ 106.461641878299645, 16.999955181273915 ], [ 106.460897713416131, 17.000666828510262 ], [ 106.460895960853875, 17.000673403499309 ], [ 106.45886703304636, 17.000669793701423 ], [ 106.457160846313329, 17.000492397834421 ], [ 106.45651913891372, 17.00014688796022 ], [ 106.455257294111192, 16.999462054565829 ], [ 106.451221547742676, 16.997275521557111 ], [ 106.44575571059795, 16.995736682090534 ], [ 106.442239801148091, 16.994748600223659 ], [ 106.439796999030307, 16.994926001526974 ], [ 106.438308669263165, 16.996180182696374 ], [ 106.434482421486891, 17.002370516485176 ], [ 106.429624858246981, 17.004524244699073 ], [ 106.428145965353394, 17.006477868522794 ], [ 106.428134101855264, 17.006494885613229 ], [ 106.427389936971679, 17.007748989356156 ], [ 106.42738508372237, 17.009709025305693 ], [ 106.427567889443793, 17.011867567866553 ], [ 106.427567350193868, 17.018155354382738 ], [ 106.427009765781108, 17.020307096362977 ], [ 106.425979798442285, 17.022382501028908 ], [ 106.425141804073462, 17.024077354797956 ], [ 106.425018855092716, 17.024391883318923 ], [ 106.424874336115323, 17.024761066941188 ], [ 106.424698540642822, 17.025212748706171 ], [ 106.424118307733607, 17.026700815848596 ], [ 106.42402016424893, 17.02694779466227 ], [ 106.423849761275534, 17.030127553314692 ], [ 106.423832505278256, 17.030894770917875 ], [ 106.423538074824322, 17.032015686677816 ], [ 106.423490620831728, 17.032205427043202 ], [ 106.423456108837144, 17.032334842236356 ], [ 106.422902299173799, 17.032866938822568 ], [ 106.4228950193, 17.032873512680808 ], [ 106.41496063085404, 17.037623129308585 ], [ 106.405979693134356, 17.046775030108059 ], [ 106.404514371363589, 17.048901180753194 ], [ 106.403000876600473, 17.051078861860542 ], [ 106.402067614746443, 17.053229365781462 ], [ 106.40244005668815, 17.055202844636977 ], [ 106.403803280474889, 17.057399011323806 ], [ 106.404656014341526, 17.058760003068503 ], [ 106.404725038330724, 17.058876855432651 ], [ 106.404888970305066, 17.059176547044064 ], [ 106.405318932237776, 17.059957392652915 ], [ 106.405472798213694, 17.0602371490439 ], [ 106.405553326201087, 17.060383557012628 ], [ 106.405684903180514, 17.060621383796914 ], [ 106.405967470136332, 17.061138277959625 ], [ 106.406144344108668, 17.061457899298972 ], [ 106.406357168075331, 17.061844880962422 ], [ 106.406480117056105, 17.061998848577034 ], [ 106.407106365958143, 17.062770746802176 ], [ 106.407413378910093, 17.063152226937088 ], [ 106.407916678831342, 17.063772216412175 ], [ 106.408202840786572, 17.064126887957546 ], [ 106.408523514736373, 17.064524174275974 ], [ 106.408795296693881, 17.064859598744579 ], [ 106.408962104667751, 17.065067864043698 ], [ 106.413077660023816, 17.068130299388699 ], [ 106.414048489621834, 17.07310085042063 ], [ 106.41427856958579, 17.074265157125406 ], [ 106.414287197584443, 17.07432426577255 ], [ 106.41438785756867, 17.074578570203627 ], [ 106.416005607315569, 17.078680384047928 ], [ 106.415408118409118, 17.079164925469566 ], [ 106.410177753727396, 17.081138130085463 ], [ 106.409241975373774, 17.082573518512394 ], [ 106.408679717461709, 17.086348018438244 ], [ 106.407931957578654, 17.088495023260158 ], [ 106.406087722867156, 17.089907332088561 ], [ 106.402653779404375, 17.092169752927358 ], [ 106.400863469684467, 17.093492005607931 ], [ 106.400844416187468, 17.093506781247548 ], [ 106.400813858692217, 17.093535301664897 ], [ 106.400052797311261, 17.094356206746081 ], [ 106.399344941922067, 17.095122644997836 ], [ 106.399338650673073, 17.095129345520093 ], [ 106.396923530050913, 17.096734543177192 ], [ 106.394294506962211, 17.098177370923946 ], [ 106.392937754174483, 17.100778487255347 ], [ 106.392239964783599, 17.102120264237254 ], [ 106.39036984607614, 17.103558239847555 ], [ 106.386263637718571, 17.103916958914315 ], [ 106.383489736152569, 17.10472304349128 ], [ 106.381965456391043, 17.105169721421657 ], [ 106.375802189355284, 17.108749978111568 ], [ 106.373087245780056, 17.111892438417215 ], [ 106.372332295898119, 17.119074612913781 ], [ 106.369903514278121, 17.124810807990418 ], [ 106.365595266952127, 17.12983636103548 ], [ 106.358500176062151, 17.133416830103425 ], [ 106.356073551441781, 17.134132434678108 ], [ 106.355881039221885, 17.138278283478002 ], [ 106.355878882222171, 17.142033103164199 ], [ 106.354757781647578, 17.14417688909603 ], [ 106.353264059381303, 17.145791110421808 ], [ 106.352138105557415, 17.146870112852184 ], [ 106.346256686477574, 17.148033271137187 ], [ 106.346438952949072, 17.149645054330968 ], [ 106.350735336776765, 17.152343866706307 ], [ 106.354277130222641, 17.155573870846634 ], [ 106.355772290488702, 17.157905910572843 ], [ 106.355213447826145, 17.159162345370046 ], [ 106.35446407019333, 17.159702667253089 ], [ 106.350731382277274, 17.160954023334863 ], [ 106.350673143286329, 17.160995414463748 ], [ 106.348301881657306, 17.16274413828636 ], [ 106.346942971869936, 17.164369876761995 ], [ 106.34679198189356, 17.164549177703375 ], [ 106.346067949006823, 17.165243022625145 ], [ 106.344930760809774, 17.16633367633321 ], [ 106.34193963140271, 17.167049841014862 ], [ 106.339512287782483, 17.167227336078486 ], [ 106.337644595699715, 17.168479671845137 ], [ 106.335601377769322, 17.171416582439139 ], [ 106.335444635793834, 17.171639154435134 ], [ 106.335356917807573, 17.17177104882521 ], [ 106.335135465842228, 17.172139253500937 ], [ 106.334781717897584, 17.172710793638725 ], [ 106.334356069964173, 17.173403234137638 ], [ 106.333743482060029, 17.174402047523749 ], [ 106.333545038090989, 17.174726282899258 ], [ 106.333103572160084, 17.175529999499371 ], [ 106.332977028179897, 17.175758062036689 ], [ 106.332777146211171, 17.176122137192468 ], [ 106.332345027278762, 17.176910048335998 ], [ 106.331653708886918, 17.178167814110036 ], [ 106.327919582971091, 17.179776759550307 ], [ 106.327917560783916, 17.179777661132853 ], [ 106.326327357720331, 17.182736030372787 ], [ 106.325761504808867, 17.185966535551593 ], [ 106.691523937558443, 17.410835561505603 ], [ 106.692787939360571, 17.409522441747146 ], [ 106.694060569161351, 17.408015841308885 ], [ 106.696472094783914, 17.405537744718682 ], [ 106.696856040723816, 17.405175495226139 ], [ 106.697127822681281, 17.404969671330967 ], [ 106.698434964476661, 17.403356003961264 ], [ 106.698724002431447, 17.403018449291459 ], [ 106.698992548889407, 17.402619146011411 ], [ 106.700505684152546, 17.401287442684772 ], [ 106.70221187088552, 17.399539953278609 ], [ 106.703100554746428, 17.398716630926696 ], [ 106.703592350669425, 17.398272035315149 ], [ 106.704308474557351, 17.397440473954727 ], [ 106.705542278364206, 17.396123141287031 ], [ 106.706180750264281, 17.395522105104899 ], [ 106.70653449820891, 17.395201002773387 ], [ 106.706810594165717, 17.394690531239679 ], [ 106.708018513976612, 17.393620183075498 ], [ 106.709260945782162, 17.392409858759322 ], [ 106.709985697668699, 17.391874678787055 ], [ 106.710747118549534, 17.391084256271707 ], [ 106.71158403441855, 17.390112690584221 ], [ 106.712556841266291, 17.389192580186627 ], [ 106.714871301903969, 17.387187670362906 ], [ 106.715837637752728, 17.386265486804803 ], [ 106.716312177678461, 17.385722055031742 ], [ 106.716942021579868, 17.38517862164483 ], [ 106.717964439419873, 17.384215258492834 ], [ 106.718395839352354, 17.383795329377975 ], [ 106.719051567249693, 17.382971936159787 ], [ 106.719672783152475, 17.382428494606515 ], [ 106.720690886993097, 17.381456882959665 ], [ 106.722045482781084, 17.380073562563801 ], [ 106.722916910644685, 17.378986660633451 ], [ 106.725022142315169, 17.376977521894382 ], [ 106.726471646088299, 17.37560240193352 ], [ 106.728464713776305, 17.373469710428431 ], [ 106.731286069334729, 17.37076881450017 ], [ 106.75767911720358, 17.345684812253928 ], [ 106.769792827307484, 17.335505295560598 ], [ 106.772864394826698, 17.332375557206543 ], [ 106.781009225551855, 17.325687621706653 ], [ 106.781595929459982, 17.324863967484934 ], [ 106.784132561062947, 17.322376509315482 ], [ 106.78632407271995, 17.321173951234954 ], [ 106.78906777629048, 17.318076916103657 ], [ 106.789827040171659, 17.317632124856392 ], [ 106.791518127906969, 17.316017688320656 ], [ 106.792898607690873, 17.315259886688306 ], [ 106.795383471301932, 17.313134730660206 ], [ 106.801423070356591, 17.308472480584992 ], [ 106.802277242222914, 17.307525189174349 ], [ 106.803968329958195, 17.30615778600956 ], [ 106.807057153474744, 17.302887509492962 ], [ 106.81148331678196, 17.299402994710054 ], [ 106.814520372306603, 17.29676691130507 ], [ 106.815409056167468, 17.296124360249951 ], [ 106.816789535951429, 17.295325287217739 ], [ 106.818704951651597, 17.293949555413928 ], [ 106.819472843531415, 17.293455278002948 ], [ 106.820025035444999, 17.293150472937757 ], [ 106.820542715363942, 17.292771525395981 ], [ 106.820999999292383, 17.29232667293827 ], [ 106.821759263173547, 17.291461678970176 ], [ 106.822164779110082, 17.290917966395192 ], [ 106.824873970686014, 17.289122055870024 ], [ 106.827462370280841, 17.287342604307128 ], [ 106.831595181633972, 17.284121423703748 ], [ 106.836642560843941, 17.280265818867349 ], [ 106.837488104711625, 17.279631448800231 ], [ 106.840257692278129, 17.277785996182075 ], [ 106.841750336044456, 17.276319507257487 ], [ 106.842716671893214, 17.275619213484109 ], [ 106.8441057796758, 17.274745902225309 ], [ 106.846620841282146, 17.273155806001434 ], [ 106.847764051103212, 17.272513172545892 ], [ 106.848808038939794, 17.271565696055461 ], [ 106.850386962692653, 17.270119755151917 ], [ 106.850589720660935, 17.269909660230518 ], [ 106.85200039844014, 17.268863301565034 ], [ 106.852037067434409, 17.268835494708444 ], [ 106.852446897370271, 17.268501812102127 ], [ 106.852844863807988, 17.268174308215894 ], [ 106.853233123747231, 17.26785916241748 ], [ 106.854678313520992, 17.267247407270627 ], [ 106.85524668293202, 17.266870466219704 ], [ 106.856692951205616, 17.26521541811184 ], [ 106.857688406549826, 17.264314250013019 ], [ 106.858723766387726, 17.263855939975798 ], [ 106.859251152805172, 17.263648927652884 ], [ 106.859785549471539, 17.263302361726318 ], [ 106.860395980375955, 17.262809546946663 ], [ 106.861151469507703, 17.262192625439084 ], [ 106.862329191323326, 17.261238916342048 ], [ 106.863181206189978, 17.260548864567632 ], [ 106.863484264642565, 17.260257394161833 ], [ 106.863794872593914, 17.259908247026868 ], [ 106.864243528523716, 17.25938092030735 ], [ 106.864387508251184, 17.259211495679953 ], [ 106.864899795670965, 17.259153304206663 ], [ 106.865311243356587, 17.258953496176318 ], [ 106.866070507237765, 17.258515771641918 ], [ 106.86705140283425, 17.257794296347829 ], [ 106.867507608262841, 17.257458533863886 ], [ 106.867900182201382, 17.257170148420396 ], [ 106.8682636366445, 17.256904421434019 ], [ 106.868742490569545, 17.256552178094545 ], [ 106.868841712554001, 17.25647905146899 ], [ 106.869239678991718, 17.256115477815765 ], [ 106.869414395964384, 17.255954804811498 ], [ 106.869934232882997, 17.255550031814963 ], [ 106.870100861106891, 17.255420257078416 ], [ 106.870912432229829, 17.254785801496574 ], [ 106.871973676063732, 17.253956680117557 ], [ 106.875688029482262, 17.251048031056897 ], [ 106.878565467031905, 17.249243492019239 ], [ 106.878850190987364, 17.249070453102085 ], [ 106.880153018783432, 17.248007496194123 ], [ 106.881037388644955, 17.247278254774397 ], [ 106.882590428401869, 17.246095806348261 ], [ 106.885010582023128, 17.24455490399971 ], [ 106.886149477844825, 17.243572263030888 ], [ 106.886963475592452, 17.24249588405884 ], [ 106.887504612882779, 17.242176574257211 ], [ 106.888406238741624, 17.241821727716847 ], [ 106.888473105731151, 17.241800096991319 ], [ 106.891172590808623, 17.240062420427609 ], [ 106.893169972495969, 17.238776920661181 ], [ 106.893631570423707, 17.238465844853586 ], [ 106.894364411059001, 17.237888499126452 ], [ 106.895081883071725, 17.237322482250043 ], [ 106.895853819325865, 17.236703672915496 ], [ 106.896223475143003, 17.23641074850616 ], [ 106.896880685977621, 17.235895972967921 ], [ 106.897882073070875, 17.235115437636217 ], [ 106.89878626036689, 17.234383570102334 ], [ 106.899741811217325, 17.233590409894589 ], [ 106.901061895010713, 17.232725140328995 ], [ 106.901793117896247, 17.232212157172736 ], [ 106.902576108773673, 17.231647668037255 ], [ 106.903083003694363, 17.231274774633047 ], [ 106.904758992431979, 17.230031447816234 ], [ 106.905429819326997, 17.229479313257713 ], [ 106.906259859759572, 17.228680080109832 ], [ 106.907465352945877, 17.227579535429047 ], [ 106.908002311049302, 17.227101690716967 ], [ 106.908541560964863, 17.226651014162325 ], [ 106.54981894991414, 17.005709486545808 ] ] ] } },
{ "type": "Feature", "properties": { "fid": 3, "ten_vung": null, "id": null, "nam": null, "mau": null, "mo_ta": null, "thoi_ky": null }, "geometry": { "type": "Polygon", "coordinates": [ [ [ 106.549818949913245, 17.005709486533721 ], [ 106.549818949914268, 17.00570948654601 ], [ 106.908541560964281, 17.226651014162055 ], [ 106.910014396264074, 17.224880265877974 ], [ 106.91143113687481, 17.223920411720858 ], [ 106.911822391061818, 17.223698667644541 ], [ 106.912152765447956, 17.223510262503503 ], [ 106.912504244831695, 17.2233102272053 ], [ 106.912936897283274, 17.223059795112054 ], [ 106.913200709753795, 17.222907054628525 ], [ 106.913457216648169, 17.222711670678798 ], [ 106.913928832172346, 17.222355792239664 ], [ 106.914322927416734, 17.222054962000723 ], [ 106.914454427786609, 17.221951842244273 ], [ 106.914882615719506, 17.221625812861426 ], [ 106.915185391262568, 17.221393598955089 ], [ 106.915386700470847, 17.221239694085138 ], [ 106.915590444871128, 17.221083463065941 ], [ 106.915693534667298, 17.221005541342002 ], [ 106.916099197073819, 17.220719440402274 ], [ 106.916520485295919, 17.220421708872866 ], [ 106.916768063152816, 17.220225546952122 ], [ 106.916943802844699, 17.22008172058943 ], [ 106.917224255794096, 17.219856095180461 ], [ 106.917533525182577, 17.219607209100637 ], [ 106.917845229763088, 17.219355996642893 ], [ 106.918100113196118, 17.219149754061302 ], [ 106.918498672959231, 17.218827208810776 ], [ 106.918859893111119, 17.218535677042482 ], [ 106.919078654528931, 17.218358509240634 ], [ 106.919570563320093, 17.217914232124343 ], [ 106.920192349019743, 17.217546714121831 ], [ 106.920494312832133, 17.217367606982428 ], [ 106.920501415475528, 17.217364311719571 ], [ 106.921070641613781, 17.216895996119881 ], [ 106.921143494442177, 17.216831253720962 ], [ 106.921615109966382, 17.216374567173332 ], [ 106.921860252631248, 17.216138857546142 ], [ 106.921969836272837, 17.21603340840511 ], [ 106.922147605291386, 17.215835691103607 ], [ 106.922330244694038, 17.215631770684912 ], [ 106.922592433703187, 17.215340233878255 ], [ 106.922880598094054, 17.215017681982122 ], [ 106.922952030393745, 17.214939370018616 ], [ 106.923173632868952, 17.214741651547339 ], [ 106.92347884360403, 17.214472599013522 ], [ 106.923790548184499, 17.214195792395866 ], [ 106.924301126781216, 17.213742200824118 ], [ 106.924465299310967, 17.21359836941819 ], [ 106.924676349287338, 17.213399874140588 ], [ 106.925126453948522, 17.212983498588766 ], [ 106.925698724076824, 17.212649699634213 ], [ 106.926413047073794, 17.212233322393484 ], [ 106.92720854313869, 17.211859590068151 ], [ 106.927299456974637, 17.211816944215386 ], [ 106.927622525784628, 17.211648686845844 ], [ 106.92784899864391, 17.211532379818888 ], [ 106.928121740151866, 17.211391260527996 ], [ 106.928390423006405, 17.211231531969929 ], [ 106.928745149312888, 17.211019077266332 ], [ 106.92876787777189, 17.211007446527336 ], [ 106.928993538900471, 17.210843065338011 ], [ 106.929309302134399, 17.210617428656274 ], [ 106.92958853748776, 17.210417379409304 ], [ 106.929965180522558, 17.210106449723874 ], [ 106.930331271058506, 17.209807150330992 ], [ 106.930925457915095, 17.209320981632146 ], [ 106.931293171912415, 17.209034087223145 ], [ 106.931459576701513, 17.208905372289653 ], [ 106.931725418498644, 17.208699118052863 ], [ 106.932085826919888, 17.20841765043388 ], [ 106.932322040547291, 17.208236595967787 ], [ 106.932727094155894, 17.207922173336879 ], [ 106.932966554705999, 17.207737629102418 ], [ 106.933215756024268, 17.207567817228259 ], [ 106.933409759656456, 17.207432122696218 ], [ 106.933770168077672, 17.207182444497242 ], [ 106.934102977655812, 17.206951375553256 ], [ 106.934378966086456, 17.206760627147144 ], [ 106.934678494706802, 17.206553595117949 ], [ 106.935336808286991, 17.206094556983508 ], [ 106.935775142853345, 17.205785170841658 ], [ 106.93609090608723, 17.205563405018168 ], [ 106.936523558538852, 17.205260221241971 ], [ 106.936929423878041, 17.204990379509255 ], [ 106.937314184219645, 17.204737596379672 ], [ 106.937458672280385, 17.204641445650775 ], [ 106.937731413788327, 17.204446817812734 ], [ 106.937963568762328, 17.204280879972412 ], [ 106.938259038729313, 17.204069192698437 ], [ 106.938702243679742, 17.20374894738778 ], [ 106.938733089445492, 17.203726460408092 ], [ 106.938995278454627, 17.203502365875039 ], [ 106.939447412442505, 17.203113883013849 ], [ 106.939565925121585, 17.203014629776806 ], [ 106.939845972205617, 17.202777352291243 ], [ 106.940104914292064, 17.202567214133335 ], [ 106.941928061395771, 17.201078405590508 ], [ 106.942275482126149, 17.200832595944796 ], [ 106.942876974558871, 17.20036423849227 ], [ 106.943231294999975, 17.200096715905616 ], [ 106.9436156494762, 17.199807868620685 ], [ 106.94394196520895, 17.199562832718204 ], [ 106.944089700192421, 17.199452333826947 ], [ 106.944312317330997, 17.199311399180445 ], [ 106.944801790930043, 17.198999675399588 ], [ 106.945318863372265, 17.198670116105184 ], [ 106.945408965477554, 17.198611958521727 ], [ 106.945754762746574, 17.198435934791135 ], [ 106.94591467369024, 17.198354514066192 ], [ 106.945922588064349, 17.198350055311174 ], [ 106.94633738244103, 17.198012158911784 ], [ 106.94642991973835, 17.197935390624913 ], [ 106.946468071080233, 17.197907474876338 ], [ 106.946523065833716, 17.197846409161659 ], [ 106.946819347531317, 17.197535458352842 ], [ 106.946976011552266, 17.197371065195476 ], [ 106.947152968840172, 17.197156268255732 ], [ 106.947240635753417, 17.197053522339029 ], [ 106.947260726087706, 17.197000404616343 ], [ 106.947345349010916, 17.196782311617067 ], [ 106.947454120921833, 17.196496948655788 ], [ 106.947539758508412, 17.196275947147118 ], [ 106.947728891756498, 17.195851003154043 ], [ 106.947948059039661, 17.195624572744816 ], [ 106.948073065564174, 17.195496623932218 ], [ 106.948473248788616, 17.195130612295184 ], [ 106.948810117020145, 17.194861531244605 ], [ 106.949149420443732, 17.194594776157164 ], [ 106.949526063478515, 17.194297778034979 ], [ 106.9495666500124, 17.194265209021331 ], [ 106.949920564588211, 17.194045755756107 ], [ 106.950121873796448, 17.19392013221514 ], [ 106.950536668173129, 17.193752634027945 ], [ 106.950647672343422, 17.193706300590605 ], [ 106.950753806129612, 17.193677221021503 ], [ 106.951238409344654, 17.193556056101084 ], [ 106.951690543332518, 17.193441288615354 ], [ 106.951781863033844, 17.193418024927141 ], [ 106.951982360511423, 17.193343193376908 ], [ 106.952527437661999, 17.193143125456793 ], [ 106.952538396026156, 17.193135273949693 ], [ 106.952959988647223, 17.192856496766264 ], [ 106.953261952459613, 17.192657979239311 ], [ 106.953361389467688, 17.192591677439736 ], [ 106.953558640022578, 17.192473032054931 ], [ 106.953723015484968, 17.19237416084286 ], [ 106.954012397471828, 17.192199682104548 ], [ 106.954389040506626, 17.191974798154906 ], [ 106.954751884119844, 17.191757668565081 ], [ 106.954913012659503, 17.1916599601666 ], [ 106.955119192251814, 17.191537049131803 ], [ 106.955305078577169, 17.191434300096901 ], [ 106.955614753831014, 17.191264473265175 ], [ 106.955716220165812, 17.191210190683382 ], [ 106.95594756340914, 17.191083789752671 ], [ 106.956154554732166, 17.190971347134436 ], [ 106.956300666254293, 17.190852700711524 ], [ 106.956622111602911, 17.190592143594447 ], [ 106.956906217340375, 17.190361053939824 ], [ 106.957267437492291, 17.1900679263792 ], [ 106.957545861115008, 17.189842264369634 ], [ 106.957860000887564, 17.189556890712982 ], [ 106.958183881428255, 17.189261435458434 ], [ 106.95835921525476, 17.189103238750452 ], [ 106.958357591793416, 17.189041200788864 ], [ 106.958545101580143, 17.188589098516363 ], [ 106.959206662083048, 17.188262622604256 ], [ 106.959295952457666, 17.188218808097201 ], [ 106.959498885127303, 17.188043549965318 ], [ 106.959658796070968, 17.187904739203365 ], [ 106.959913273638691, 17.187508468802175 ], [ 106.960073184582299, 17.187176562608308 ], [ 106.960227413411218, 17.186905919033403 ], [ 106.960377583586734, 17.186708946097031 ], [ 106.960595127408524, 17.186547645268753 ], [ 106.960667371438902, 17.186494912275194 ], [ 106.960858939879003, 17.186383242356939 ], [ 106.961027779860146, 17.186293285984945 ], [ 106.961428774815261, 17.186087782040204 ], [ 106.961879285341809, 17.185857462253857 ], [ 106.961948688314777, 17.185821014315309 ], [ 106.962228532466199, 17.185611050784917 ], [ 106.962389255140522, 17.185488911225637 ], [ 106.962675390204652, 17.185350098549382 ], [ 106.963120218616496, 17.185134124430082 ], [ 106.963361302627959, 17.185016249759663 ], [ 106.963815060077195, 17.184890620094151 ], [ 106.964150304847394, 17.184823927767976 ], [ 106.964361354823808, 17.184764990343453 ], [ 106.96451396019134, 17.184723889233677 ], [ 106.964788325160654, 17.184604463315807 ], [ 106.965290786450595, 17.184184921007073 ], [ 106.965323255677703, 17.184157003185707 ], [ 106.965497777773592, 17.184038546271925 ], [ 106.965743326303794, 17.183869100407605 ], [ 106.965800553316626, 17.183830325588502 ], [ 106.965975075412516, 17.183749286190348 ], [ 106.966238076152308, 17.183625982157704 ], [ 106.966545722079445, 17.183487168085659 ], [ 106.966921553383557, 17.183326639950867 ], [ 106.96720078873696, 17.183198682642374 ], [ 106.96744755486317, 17.183055990751711 ], [ 106.967564444080892, 17.18291407425145 ], [ 106.96763668811127, 17.182672118000383 ], [ 106.967722731563171, 17.182527874700391 ], [ 106.967825821359341, 17.1824565285105 ], [ 106.96830555419028, 17.182450324492685 ], [ 106.968739830103203, 17.182142449847909 ], [ 106.969023124110024, 17.181942369829706 ], [ 106.969074263142716, 17.181816738079952 ], [ 106.969159494863959, 17.181641473891705 ], [ 106.969256902545368, 17.181508862382469 ], [ 106.969353498496105, 17.181480168651607 ], [ 106.96970984826396, 17.181464658524963 ], [ 106.969813749790774, 17.181442168839027 ], [ 106.970161170521166, 17.18122812893284 ], [ 106.970198915997727, 17.181175976055926 ], [ 106.970228341234787, 17.181059843760544 ], [ 106.970299367669128, 17.180933823658172 ], [ 106.970458872747457, 17.180833395269065 ], [ 106.970546539660731, 17.180815170806529 ], [ 106.970717003103204, 17.18076321169071 ], [ 106.971094457868659, 17.180650375053208 ], [ 106.971219058527794, 17.180569722019349 ], [ 106.971507222918618, 17.180376619901434 ], [ 106.97151229623536, 17.180375456635048 ], [ 106.971587381323133, 17.180302558593976 ], [ 106.971836988506752, 17.180068160177157 ], [ 106.972227430963059, 17.179747873358231 ], [ 106.972527771314063, 17.179500484371015 ], [ 106.972631672840919, 17.179374075450689 ], [ 106.972674694566862, 17.179164686251866 ], [ 106.972693364372489, 17.179094889799686 ], [ 106.972729892253028, 17.179001052305889 ], [ 106.972961235496356, 17.178903337179204 ], [ 106.973293233343853, 17.178844397871529 ], [ 106.9733841471798, 17.17881958131532 ], [ 106.973609808308439, 17.178624150819076 ], [ 106.973784330404285, 17.17847059814175 ], [ 106.973867126933484, 17.178170472086912 ], [ 106.97394505307858, 17.177960306007261 ], [ 106.974051389797481, 17.177885080452192 ], [ 106.97406315989231, 17.177884304930846 ], [ 106.974435338408369, 17.177773986986434 ], [ 106.974727561452625, 17.177649127933222 ], [ 106.975010855459388, 17.17752271775019 ], [ 106.975053065454645, 17.177494023402161 ], [ 106.975359087920424, 17.177279203412255 ], [ 106.975803510466875, 17.17696550373789 ], [ 106.975954492373077, 17.176772397864699 ], [ 106.97612982619961, 17.176557964801919 ], [ 106.976346152425393, 17.176381144585225 ], [ 106.976383492036604, 17.176351674532714 ], [ 106.976697631809131, 17.176197344444361 ], [ 106.976788951510457, 17.176152363791417 ], [ 106.977043429078151, 17.175915827419551 ], [ 106.977310082606053, 17.175749864014538 ], [ 106.97767049102724, 17.175521857972818 ], [ 106.977686928573476, 17.175511194418085 ], [ 106.978097461364072, 17.175327781180645 ], [ 106.978277665574666, 17.175198267284223 ], [ 106.978355591719819, 17.175107529949592 ], [ 106.97838319056288, 17.174971811631124 ], [ 106.978382378832208, 17.174735273752894 ], [ 106.97839536652306, 17.174594901951306 ], [ 106.978552842274667, 17.174384731817636 ], [ 106.978685154375256, 17.174341301797202 ], [ 106.979214402777572, 17.174335097507743 ], [ 106.979568317353383, 17.174131131376026 ], [ 106.979885704048641, 17.173845733522267 ], [ 106.980130846713493, 17.173652624399185 ], [ 106.9805634991651, 17.173309835821811 ], [ 106.980927966239719, 17.173022110078691 ], [ 106.981278633892785, 17.172792549596828 ], [ 106.981708039421662, 17.172515680664549 ], [ 106.981913407283315, 17.172379184904326 ], [ 106.982197513020765, 17.172158930170244 ], [ 106.982453208184424, 17.171957288282865 ], [ 106.982690233542556, 17.171771157115266 ], [ 106.982929694092661, 17.171557881589351 ], [ 106.983158602143988, 17.171355463499665 ], [ 106.983419167691764, 17.171123574305426 ], [ 106.983442707881451, 17.171102246689387 ], [ 106.983735945589061, 17.170757708406736 ], [ 106.983865822497577, 17.170646804557713 ], [ 106.983920208453029, 17.1705227162564 ], [ 106.983936443066639, 17.170417241135009 ], [ 106.984054955745648, 17.170317194824708 ], [ 106.984580957225305, 17.170300132657875 ], [ 106.984727474612754, 17.170198922954157 ], [ 106.984845987291791, 17.170053506616469 ], [ 106.984886167960383, 17.169914682379698 ], [ 106.984885356229697, 17.169842943557395 ], [ 106.984944612569237, 17.169743672492654 ], [ 106.98521573061582, 17.169655259155867 ], [ 106.985393905499748, 17.16960795024783 ], [ 106.985542858079199, 17.169569172445343 ], [ 106.985707233541589, 17.169459818998671 ], [ 106.985819252375236, 17.169386528886623 ], [ 106.986053436675931, 17.169222498530889 ], [ 106.986079006192284, 17.169204272926851 ], [ 106.986314002223708, 17.169038691293199 ], [ 106.986500294414398, 17.168909560783099 ], [ 106.98667806343299, 17.168783532420765 ], [ 106.98692077090584, 17.168614848170996 ], [ 106.987214617411453, 17.168407773502881 ], [ 106.987299037401968, 17.168346504174725 ], [ 106.987419173542378, 17.168255763486979 ], [ 106.987568531987222, 17.168142919236434 ], [ 106.987745895140463, 17.168008746945404 ], [ 106.987935434253856, 17.167864104453574 ], [ 106.988032030204593, 17.16779197705625 ], [ 106.988328717767573, 17.167567839051117 ], [ 106.988568584183056, 17.167387520217165 ], [ 106.98867086224854, 17.167319270462233 ], [ 106.98894279202581, 17.167131583506663 ], [ 106.98930482390837, 17.166884953251486 ], [ 106.989778874624562, 17.166563868088243 ], [ 106.989989924600948, 17.166420775608177 ], [ 106.990422171187205, 17.16601864249186 ], [ 106.990905150940876, 17.165716945135951 ], [ 106.991309392818707, 17.165467986279893 ], [ 106.991374331272993, 17.165426880891456 ], [ 106.991743668731672, 17.165266724904349 ], [ 106.992149939936226, 17.165017765444027 ], [ 106.99228225203683, 17.164933615519736 ], [ 106.992406040965278, 17.164838995282764 ], [ 106.992663156657727, 17.164642386685209 ], [ 106.993074501178995, 17.164330410682137 ], [ 106.993188955204658, 17.164242770343236 ], [ 106.993271345868507, 17.164118289967703 ], [ 106.993567627566151, 17.163785954101101 ], [ 106.993688981302597, 17.163708008263228 ], [ 106.994184948747076, 17.163405919358251 ], [ 106.994435773526746, 17.163244210461155 ], [ 106.994729214166995, 17.162681912239705 ], [ 106.995654587140365, 17.161451830464269 ], [ 106.995856708079273, 17.161247074572437 ], [ 106.996364039753303, 17.160733632668119 ], [ 106.997315388108404, 17.160041026760695 ], [ 106.997685537297784, 17.159704417804942 ], [ 106.997868988431122, 17.159540766686494 ], [ 106.998419341831081, 17.159175459640743 ], [ 106.998700200645814, 17.158990866847301 ], [ 106.999004599650249, 17.158789986245779 ], [ 106.999293575771773, 17.158575144589598 ], [ 106.999705934956395, 17.158273435129054 ], [ 107.000154010290885, 17.157940700990657 ], [ 107.000553381784684, 17.157646746558537 ], [ 107.000918660589946, 17.15737450866126 ], [ 107.001323714198506, 17.157075899682191 ], [ 107.001829422411177, 17.156702443880214 ], [ 107.002437002823982, 17.156169599098469 ], [ 107.002933781999147, 17.15573331675164 ], [ 107.003409862042048, 17.155369165634252 ], [ 107.003809233535833, 17.155064348494658 ], [ 107.003997960918582, 17.154920665432741 ], [ 107.004203734645543, 17.154763602849151 ], [ 107.004455472622183, 17.154573382431067 ], [ 107.004524266797191, 17.154526554438917 ], [ 107.004656375965084, 17.154435225277371 ], [ 107.004807053472277, 17.154329934914358 ], [ 107.004915419517829, 17.154254893679955 ], [ 107.005057878251904, 17.154156002084406 ], [ 107.005126215828398, 17.154109028558061 ], [ 107.005297288068874, 17.153990358543826 ], [ 107.005442790792998, 17.153888267367936 ], [ 107.005493929825732, 17.153853655247119 ], [ 107.005609601447389, 17.153756799446167 ], [ 107.005734100640197, 17.153653253849335 ], [ 107.006211702678058, 17.153257976728021 ], [ 107.00685641976942, 17.152723376898262 ], [ 107.006910754991708, 17.152677421019494 ], [ 107.00702079523181, 17.152587254388845 ], [ 107.007158687980819, 17.152472946307029 ], [ 107.007333413009292, 17.152327806936324 ], [ 107.007633550427641, 17.15212536786504 ], [ 107.007962301352393, 17.151904313454601 ], [ 107.008292269873195, 17.151680350165055 ], [ 107.008661201466523, 17.15143137247669 ], [ 107.009053267384218, 17.151164942711354 ], [ 107.009277305051484, 17.151014857653351 ], [ 107.009536653003224, 17.150839176539851 ], [ 107.009831311239495, 17.150640807930408 ], [ 107.010049869724639, 17.150491885902504 ], [ 107.010278777775966, 17.150330165752543 ], [ 107.010396275791649, 17.150244651803355 ], [ 107.010457764390537, 17.150202767405705 ], [ 107.010530211353569, 17.150150993623338 ], [ 107.010697022008017, 17.150032321078939 ], [ 107.010911318907105, 17.149880489918893 ], [ 107.011034904902886, 17.149794103168958 ], [ 107.01121937069955, 17.149662341483065 ], [ 107.011460454711042, 17.149492476390215 ], [ 107.011693624348425, 17.149326101525343 ], [ 107.011978541816561, 17.149124240912187 ], [ 107.012270764860787, 17.148917726224944 ], [ 107.012510631276257, 17.148745533521385 ], [ 107.01280346311853, 17.148540181878989 ], [ 107.012907567578026, 17.148465720037532 ], [ 107.013124299669158, 17.148331921341146 ], [ 107.013585768559864, 17.148046289888427 ], [ 107.013896255544353, 17.147853735646905 ], [ 107.014130642777715, 17.14770946526864 ], [ 107.014376597173296, 17.147557632209168 ], [ 107.014620725174836, 17.147405799025545 ], [ 107.014882508318621, 17.147242912713519 ], [ 107.015085238055548, 17.147118420935847 ], [ 107.015149466245447, 17.14707886278342 ], [ 107.015454321848395, 17.146870746041223 ], [ 107.01557669024811, 17.146787848322131 ], [ 107.0156929706678, 17.146706986651722 ], [ 107.015888699227631, 17.146574059296864 ], [ 107.015952318619554, 17.14652752015671 ], [ 107.016089298171551, 17.146417280521931 ], [ 107.016312727040741, 17.146242758538857 ], [ 107.01649658403943, 17.14609674168701 ], [ 107.016505411610538, 17.146089179058091 ], [ 107.016558072638304, 17.146056892446538 ], [ 107.016720926105691, 17.145955960390456 ], [ 107.017096250078112, 17.145722972927629 ], [ 107.017436568165024, 17.145511218775273 ], [ 107.017801846970329, 17.145284339058406 ], [ 107.018182954523823, 17.145046405929378 ], [ 107.018316890085785, 17.144964380012286 ], [ 107.018509879054577, 17.144811962963761 ], [ 107.018808798876904, 17.144575774465885 ], [ 107.019139984993714, 17.144312243595259 ], [ 107.019410291309612, 17.14409874259367 ], [ 107.01977191732685, 17.14381194113442 ], [ 107.020071445947167, 17.143576914861999 ], [ 107.020457423884764, 17.143294766592646 ], [ 107.020807482739826, 17.143039378408172 ], [ 107.021167891161056, 17.142774100104425 ], [ 107.021406539980518, 17.142599574697979 ], [ 107.021486901317687, 17.142547798795853 ], [ 107.021854615315021, 17.142331387003811 ], [ 107.021976983714765, 17.142255177414857 ], [ 107.022124312832901, 17.142169950623774 ], [ 107.0222966026694, 17.142067271195554 ], [ 107.022557472616185, 17.141910779493223 ], [ 107.022875873974755, 17.141722291171149 ], [ 107.023205233697539, 17.14152623984312 ], [ 107.023609475575398, 17.141286556632778 ], [ 107.023919353761869, 17.14110155821529 ], [ 107.023975971976739, 17.14106927073675 ], [ 107.024096209583476, 17.14098171637481 ], [ 107.024304114103487, 17.140834822751291 ], [ 107.024440484857465, 17.140739996310845 ], [ 107.024547633307009, 17.140663786069027 ], [ 107.024863599473605, 17.140439227464785 ], [ 107.024885516201877, 17.140424101745936 ], [ 107.02499509984348, 17.140361853582316 ], [ 107.02525323019924, 17.140216995625494 ], [ 107.025665995249213, 17.139986618883171 ], [ 107.025702218730757, 17.139967420808421 ], [ 107.025802974801209, 17.139879865927188 ], [ 107.02619473631988, 17.139550880273752 ], [ 107.026555144741081, 17.139247782454099 ], [ 107.026960604214963, 17.138906869536338 ], [ 107.027183424286193, 17.138718378166502 ], [ 107.027440337045917, 17.13848683603689 ], [ 107.027766652778652, 17.138191299432179 ], [ 107.028175765040572, 17.137824786848139 ], [ 107.028432677800282, 17.137592080070348 ], [ 107.028794303817534, 17.137337265814374 ], [ 107.02932274048915, 17.136963770314551 ], [ 107.029412233796492, 17.136902684530536 ], [ 107.029600961179199, 17.136799711306299 ], [ 107.030533030930741, 17.136292989128631 ], [ 107.031363431414746, 17.135843861083529 ], [ 107.031683659167371, 17.135672238033525 ], [ 107.032367339331302, 17.135150968408176 ], [ 107.032472661386805, 17.135081737176069 ], [ 107.032603552958705, 17.134994470880365 ], [ 107.032988313300265, 17.134741980167313 ], [ 107.03346317574713, 17.134435965617477 ], [ 107.033662861494051, 17.134302156815675 ], [ 107.033860720846889, 17.134163693693257 ], [ 107.034117633606613, 17.133982178855511 ], [ 107.034766612284017, 17.133523736745225 ], [ 107.035509345854791, 17.132994316149983 ], [ 107.036118143863632, 17.132573105720088 ], [ 107.036641710151173, 17.132224035579725 ], [ 107.037173799610869, 17.131867983361197 ], [ 107.037574388700691, 17.131601525535775 ], [ 107.038013940863053, 17.131379283127227 ], [ 107.038373740486279, 17.131197183782902 ], [ 107.03843218509509, 17.13116780352053 ], [ 107.038698229824945, 17.131011884426705 ], [ 107.03894174902851, 17.13086934633472 ], [ 107.039003846425402, 17.130830948299408 ], [ 107.039463488922024, 17.130560998251539 ], [ 107.039826332535313, 17.130343408919003 ], [ 107.040095421255188, 17.130189234505149 ], [ 107.040359639591003, 17.130032151008574 ], [ 107.040405299441659, 17.130004225039738 ], [ 107.040619596340761, 17.129847723178386 ], [ 107.040829022855803, 17.129698784481654 ], [ 107.041086544413531, 17.129515519905915 ], [ 107.041330063617053, 17.129340400253639 ], [ 107.041411033752198, 17.129282802723978 ], [ 107.041682557664117, 17.12908790185995 ], [ 107.04189624576523, 17.128934308199259 ], [ 107.042279788510783, 17.128660282830378 ], [ 107.042589666697253, 17.128436873313557 ], [ 107.042880672145486, 17.128229172037575 ], [ 107.04318446235186, 17.128012161773061 ], [ 107.043435287131459, 17.127832386321877 ], [ 107.043677588739001, 17.12765901047938 ], [ 107.043954591833, 17.127421054781315 ], [ 107.044265687615535, 17.127152845181982 ], [ 107.044551213881689, 17.126907907227235 ], [ 107.044821520197587, 17.126674023178325 ], [ 107.045141747950211, 17.126399412675738 ], [ 107.045405357488036, 17.12617018241172 ], [ 107.04560321684086, 17.126001459448027 ], [ 107.046594339999245, 17.125672158326132 ], [ 107.047460050767768, 17.125382419400918 ], [ 107.047772364146297, 17.125278276182964 ], [ 107.048186346792335, 17.124884393205463 ], [ 107.04887915892634, 17.124373565885659 ], [ 107.049551271928095, 17.123988408140352 ], [ 107.049909853955299, 17.123717866346826 ], [ 107.051945370097783, 17.122691113023453 ], [ 107.052472589173419, 17.122159479772282 ], [ 107.052670144127219, 17.122040789350564 ], [ 107.053148659362165, 17.121911044342124 ], [ 107.053244240649576, 17.121884280786524 ], [ 107.053490803843133, 17.121761226562828 ], [ 107.053951359536796, 17.121438899747002 ], [ 107.054183920376175, 17.121275990674508 ], [ 107.054499277744739, 17.121056645019376 ], [ 107.054790891990962, 17.120851262778881 ], [ 107.05506545989293, 17.120659843999274 ], [ 107.055333331016797, 17.120522534358233 ], [ 107.055905905544108, 17.120227551015404 ], [ 107.056326280569195, 17.119911039768322 ], [ 107.05654849184242, 17.119742892949255 ], [ 107.056782270277779, 17.119567764093752 ], [ 107.056969780064492, 17.119425217229185 ], [ 107.0571980793178, 17.119252997198135 ], [ 107.057407505832842, 17.11909648628836 ], [ 107.057745997525714, 17.118839901203447 ], [ 107.057948727262669, 17.118687462731437 ], [ 107.058268955015308, 17.118447168245194 ], [ 107.058419328123463, 17.118331966420172 ], [ 107.058751731836253, 17.118187673124545 ], [ 107.059325828358524, 17.117935159587908 ], [ 107.05986217940432, 17.117646572269198 ], [ 107.060172057590805, 17.117479587063791 ], [ 107.060636570471516, 17.117339365921879 ], [ 107.060948579451036, 17.117243654749803 ], [ 107.061001240478774, 17.11721747235373 ], [ 107.061052075112528, 17.117190999038396 ], [ 107.061115085706419, 17.117159580153768 ], [ 107.061255718046439, 17.117087142149554 ], [ 107.061389044810397, 17.116969612155003 ], [ 107.061498019653982, 17.116874191708771 ], [ 107.061755541211681, 17.116718842462966 ], [ 107.062045329063892, 17.116543128927471 ], [ 107.06207211617631, 17.116525673931434 ], [ 107.062305285813636, 17.116386615737902 ], [ 107.062523235500805, 17.116256284951703 ], [ 107.062666911830874, 17.116135845260079 ], [ 107.062816067343036, 17.116008423472458 ], [ 107.063091244043051, 17.115771616539487 ], [ 107.063305540942139, 17.115588920075666 ], [ 107.063700042051877, 17.115360840162047 ], [ 107.063958781205613, 17.115208398839417 ], [ 107.064012964228382, 17.115178725132321 ], [ 107.064243698673749, 17.115069921499149 ], [ 107.06454870647616, 17.114929116702957 ], [ 107.064892068553107, 17.114767947445944 ], [ 107.065419896426761, 17.114522411342033 ], [ 107.066572351057502, 17.113985954556473 ], [ 107.066746467288013, 17.113905660457675 ], [ 107.067234723291079, 17.113614739519669 ], [ 107.067706541747896, 17.113332545775247 ], [ 107.06776863914483, 17.113294144119219 ], [ 107.068017028732413, 17.113122500256758 ], [ 107.068090693291481, 17.113073625365267 ], [ 107.068392657103871, 17.112865906933219 ], [ 107.068676965773975, 17.112670407020676 ], [ 107.068994149536579, 17.112454542295328 ], [ 107.069347861179679, 17.112211912372526 ], [ 107.06961390590952, 17.112028048719143 ], [ 107.06980933007037, 17.111895969337045 ], [ 107.069946309622324, 17.111800546289004 ], [ 107.070026670959493, 17.111739452238659 ], [ 107.070208092766123, 17.111598063073796 ], [ 107.070408996109038, 17.111444454970474 ], [ 107.070726179871627, 17.111197168931746 ], [ 107.070827849139093, 17.111105236626507 ], [ 107.071191301550371, 17.11076543581304 ], [ 107.071435429551897, 17.110536186283614 ], [ 107.071681383947478, 17.110306936471829 ], [ 107.071948037475337, 17.11005790336138 ], [ 107.072030225206518, 17.109979934982615 ], [ 107.07219399187089, 17.109865891623507 ], [ 107.072438119872416, 17.109693662744647 ], [ 107.072726081330586, 17.10949408651339 ], [ 107.07281496583991, 17.109431246139714 ], [ 107.07312788801643, 17.109282872951027 ], [ 107.073192116206343, 17.109251452731193 ], [ 107.07340184712038, 17.10914991883638 ], [ 107.073601837266281, 17.109055076237041 ], [ 107.073665304458657, 17.109035584040388 ], [ 107.073808524190298, 17.108992235715153 ], [ 107.074108661608591, 17.108904084391753 ], [ 107.074460546857736, 17.108800513806639 ], [ 107.074722938799496, 17.108723126758797 ], [ 107.075056560108322, 17.108624792794444 ], [ 107.075153967789745, 17.108596863611666 ], [ 107.075392007811189, 17.108465363653096 ], [ 107.075690927633545, 17.108303606939483 ], [ 107.076025766538365, 17.108123812441772 ], [ 107.076381913373552, 17.107930634988563 ], [ 107.076772761695182, 17.107719419652174 ], [ 107.077064375941404, 17.10755998973541 ], [ 107.077450962677005, 17.107351101426147 ], [ 107.077759623267497, 17.107188180019449 ], [ 107.078036017563491, 17.107049114848792 ], [ 107.078404340358816, 17.106921104976443 ], [ 107.078607678893746, 17.106851863236084 ], [ 107.078790927094431, 17.106729090002883 ], [ 107.079022270337759, 17.106575477881442 ], [ 107.079221347286662, 17.106443394630219 ], [ 107.07949043600658, 17.10626534393181 ], [ 107.079690121753444, 17.106131514863378 ], [ 107.080071229306952, 17.106144897774552 ], [ 107.08042798494013, 17.106158862550405 ], [ 107.080278829427982, 17.105763193495743 ], [ 107.080558267713997, 17.105585142146801 ], [ 107.080823703645876, 17.105428619741897 ], [ 107.081434936846676, 17.10509928220743 ], [ 107.082097309080297, 17.104737359368716 ], [ 107.082848565823184, 17.104332377351781 ], [ 107.083651265997801, 17.10389830082109 ], [ 107.084742232029583, 17.103307699090582 ], [ 107.085422259405476, 17.103264640368977 ], [ 107.085547671795254, 17.103211689765249 ], [ 107.086308669306277, 17.102668217863247 ], [ 107.086439560878176, 17.102576281346089 ], [ 107.086680036091678, 17.102403463846059 ], [ 107.086814580451616, 17.102308035932179 ], [ 107.087012439804482, 17.102127653766274 ], [ 107.087064796433239, 17.102080230683981 ], [ 107.088013303730946, 17.101812857374338 ], [ 107.088692722308778, 17.101723247952901 ], [ 107.089252816476915, 17.101649931121468 ], [ 107.089551736299228, 17.101610945175544 ], [ 107.090816209763531, 17.101339788967621 ], [ 107.090825646132672, 17.101338043325509 ], [ 107.091189098543921, 17.101204501656166 ], [ 107.091508717498527, 17.101024118421332 ], [ 107.091685877719101, 17.100926362272688 ], [ 107.091805810926843, 17.100847808187481 ], [ 107.09209072839495, 17.100658696364977 ], [ 107.092606380308411, 17.100319458368315 ], [ 107.092864510664171, 17.100148384427222 ], [ 107.093192652790918, 17.099932505182043 ], [ 107.093498269391333, 17.099731172830307 ], [ 107.093729003836657, 17.099649708811114 ], [ 107.09394999751386, 17.0995705723012 ], [ 107.094174035181126, 17.099586865114816 ], [ 107.094845539384821, 17.100157694577724 ], [ 107.09509697296248, 17.100246140984233 ], [ 107.095439117443419, 17.100253705477577 ], [ 107.095801961056665, 17.100178060530308 ], [ 107.096082008140783, 17.100034916930635 ], [ 107.096352923254685, 17.099662510302213 ], [ 107.096414411853573, 17.099272064428099 ], [ 107.096428718606745, 17.099183617559003 ], [ 107.096453374926128, 17.099116118604332 ], [ 107.096594616064124, 17.098760293969089 ], [ 107.09671515806987, 17.098602602049077 ], [ 107.096908147038675, 17.098444909995582 ], [ 107.097131575907881, 17.098258123294528 ], [ 107.097412840587978, 17.098027112691778 ], [ 107.097974152352108, 17.097561599271796 ], [ 107.098200625211391, 17.097374811684961 ], [ 107.0984094429284, 17.097199661783854 ], [ 107.098700448376633, 17.096958757664119 ], [ 107.098901351719562, 17.096793499585392 ], [ 107.099106516648533, 17.096622422405776 ], [ 107.099312290375494, 17.096452217913026 ], [ 107.099808156353646, 17.096154141465149 ], [ 107.10078390736227, 17.095576753372651 ], [ 107.101112658287036, 17.095379489608156 ], [ 107.101572909581705, 17.095103669127063 ], [ 107.101916728257166, 17.094899422051952 ], [ 107.102386568120465, 17.094514494263287 ], [ 107.102410539542078, 17.094495509708917 ], [ 107.10246259177184, 17.094435064620612 ], [ 107.102605278805157, 17.094277296301339 ], [ 107.102773307055571, 17.094091378276442 ], [ 107.102932203335868, 17.093847851568803 ], [ 107.103075575266956, 17.093627018831111 ], [ 107.103170091157864, 17.093483870197304 ], [ 107.103210271826427, 17.09345026516672 ], [ 107.103267346639726, 17.093400512253165 ], [ 107.103339032605291, 17.093341812526667 ], [ 107.103456606720741, 17.093297296736619 ], [ 107.103473044266977, 17.093290750296006 ], [ 107.103571441245137, 17.093304279606343 ], [ 107.103691070053856, 17.093455284100237 ], [ 107.103824168518557, 17.093528167728362 ], [ 107.103981010105556, 17.093547152381305 ], [ 107.104140819582881, 17.093530131658067 ], [ 107.10427871233189, 17.093515729506422 ], [ 107.104315468511643, 17.093511147003383 ], [ 107.104659743785632, 17.093373671860061 ], [ 107.104685769900513, 17.09336036076937 ], [ 107.104854711347926, 17.093256272371658 ], [ 107.104967947777595, 17.09318775293346 ], [ 107.105085750192288, 17.093065552598972 ], [ 107.105272498981478, 17.092870904757827 ], [ 107.105474772119891, 17.092660545203124 ], [ 107.105499428439245, 17.092633922918896 ], [ 107.105609012080834, 17.092492082815859 ], [ 107.105815394605841, 17.092221495242921 ], [ 107.105975204083165, 17.092011134955044 ], [ 107.106107617650096, 17.091839180518438 ], [ 107.106314000175104, 17.091697339810427 ], [ 107.106518099707571, 17.09155549899446 ], [ 107.106880182323309, 17.09130673176416 ], [ 107.106944334413498, 17.091262215487927 ], [ 107.107009399700715, 17.09120046004788 ], [ 107.107103687292309, 17.091106844871824 ], [ 107.107329931852334, 17.090885354233063 ], [ 107.107374221907463, 17.090831236283272 ], [ 107.107517137240038, 17.09065884432232 ], [ 107.107650920602467, 17.090496926664386 ], [ 107.107778768184289, 17.090341118973928 ], [ 107.107890634818446, 17.090206696548076 ], [ 107.107933098479535, 17.090166980812793 ], [ 107.108039485931585, 17.090060926665 ], [ 107.10818514085517, 17.089916902417045 ], [ 107.108352255908599, 17.089755420552137 ], [ 107.10853809150079, 17.089571243767825 ], [ 107.108728493078075, 17.08938401173182 ], [ 107.108958162126868, 17.089157499996254 ], [ 107.109152216492149, 17.088967648907563 ], [ 107.109791682700674, 17.089784225435587 ], [ 107.109799673174564, 17.089775714902302 ], [ 107.111242866904306, 17.088073163992163 ], [ 107.111601296731962, 17.087473274045792 ], [ 107.11167617888708, 17.087247632875105 ], [ 107.111881648215032, 17.087020682099055 ], [ 107.112355140866399, 17.086493893367251 ], [ 107.112601704059955, 17.086267814565137 ], [ 107.112819958146133, 17.086069668053629 ], [ 107.112843244669946, 17.086048063960909 ], [ 107.113646629742334, 17.085529564984153 ], [ 107.113982229644705, 17.085409978315145 ], [ 107.114685619644149, 17.085339273752123 ], [ 107.115479644447149, 17.084885367276737 ], [ 107.116153127244402, 17.084777127877107 ], [ 107.116505849590766, 17.084528569824357 ], [ 107.116594886299538, 17.084356172033861 ], [ 107.116675704235206, 17.08420385081542 ], [ 107.116673877841151, 17.08403909061812 ], [ 107.116298553868774, 17.083517640000846 ], [ 107.115300886131791, 17.082568790356937 ], [ 107.115105918569455, 17.082258361843426 ], [ 107.114980582279429, 17.081826707135757 ], [ 107.114920539575792, 17.08139374205706 ], [ 107.114921566922462, 17.079477794047616 ], [ 107.115112368023418, 17.078795766799157 ], [ 107.115721755805353, 17.077499548070559 ], [ 107.115919006360144, 17.077211807404879 ], [ 107.116943270960107, 17.076110270492364 ], [ 107.117087784387422, 17.075808124163661 ], [ 107.117108331320239, 17.075648375961102 ], [ 107.116964502790651, 17.07540155162501 ], [ 107.116720679188163, 17.075129193357874 ], [ 107.116333711953814, 17.074856834693055 ], [ 107.115594022373074, 17.074485287075138 ], [ 107.114609139394332, 17.074241080043919 ], [ 107.114239979501718, 17.074087877614485 ], [ 107.113491386250132, 17.073477030779518 ], [ 107.113296875286295, 17.07321547249315 ], [ 107.112982507214483, 17.07264717938294 ], [ 107.112755806055887, 17.072100162893484 ], [ 107.112670536284796, 17.071645460353881 ], [ 107.112587663655816, 17.070970115371868 ], [ 107.112536981221581, 17.070559603945867 ], [ 107.112501024089156, 17.069435112280324 ], [ 107.112449656757207, 17.067820546458194 ], [ 107.11254006326152, 17.067018168831073 ], [ 107.112787996250589, 17.066051448160639 ], [ 107.112814707263269, 17.065980081519168 ], [ 107.113024285977772, 17.06544646769289 ], [ 107.113197565111037, 17.065099454201931 ], [ 107.113599600096094, 17.064300665978489 ], [ 107.113924241634351, 17.063989006695401 ], [ 107.113924241634351, 17.063989006695401 ], [ 107.114396821088675, 17.063538540257365 ], [ 107.114425244345682, 17.063491070983655 ], [ 107.114605030007667, 17.063165987977868 ], [ 107.114604687558767, 17.063159440479485 ], [ 107.114483118206422, 17.062974146180132 ], [ 107.114182619314249, 17.06281438698992 ], [ 107.113770482087233, 17.062490612310093 ], [ 107.113543780928637, 17.062055856346145 ], [ 107.11351056338728, 17.061631902830943 ], [ 107.113508166245111, 17.061317292688834 ], [ 107.113609531113568, 17.060921492079572 ], [ 107.113785892286771, 17.060214679805981 ], [ 107.114055057106398, 17.059707239978898 ], [ 107.114205734613563, 17.059430275465687 ], [ 107.114508459423419, 17.058953607445506 ], [ 107.115011174379191, 17.0581633049011 ], [ 107.115073500075326, 17.057934790948774 ], [ 107.115048843756, 17.057218800579669 ], [ 107.114912206652917, 17.056540784306677 ], [ 107.114719407933492, 17.055912855886255 ], [ 107.114390657008713, 17.054850480002298 ], [ 107.114110533824871, 17.052923782897022 ], [ 107.113961911010989, 17.051209545961608 ], [ 107.113949240402434, 17.051027513766471 ], [ 107.113964308153143, 17.05092307435142 ], [ 107.114088959545441, 17.050119314516902 ], [ 107.114814608722043, 17.048065209518395 ], [ 107.115404990591074, 17.0463957823981 ], [ 107.115741960288958, 17.045705612837633 ], [ 107.115843325157414, 17.045493453940601 ], [ 107.11585291372603, 17.045476428833485 ], [ 107.116015919392879, 17.044392057277207 ], [ 107.11597961981154, 17.044160907212824 ], [ 107.115861817396834, 17.04389701599662 ], [ 107.115713879480694, 17.043742479032002 ], [ 107.115530326881029, 17.04366782977451 ], [ 107.114437230056197, 17.043475313130752 ], [ 107.114263950922947, 17.043409176414851 ], [ 107.113741373932172, 17.0432074920278 ], [ 107.113629735597272, 17.04316296427665 ], [ 107.113316052423215, 17.043016284550792 ], [ 107.113018806795409, 17.042773346001617 ], [ 107.112601019161872, 17.042434148253793 ], [ 107.112515406941867, 17.04236342741029 ], [ 107.112140082969432, 17.04195416274414 ], [ 107.111892149980349, 17.041686339461528 ], [ 107.111766813690281, 17.041466318091388 ], [ 107.111736678188876, 17.04141458683878 ], [ 107.111378819109291, 17.041031513193552 ], [ 107.111026781660684, 17.040560691689258 ], [ 107.110597008316319, 17.039990989535216 ], [ 107.110526463847037, 17.039865261929421 ], [ 107.110455576928885, 17.039629522440666 ], [ 107.11028606473333, 17.039051959436865 ], [ 107.110189494149182, 17.038199363170126 ], [ 107.110279900653538, 17.037085481544331 ], [ 107.110226478628235, 17.036746600897178 ], [ 107.110207986388701, 17.035198546999379 ], [ 107.110097546624857, 17.03449965933066 ], [ 107.110193089862378, 17.03346532043312 ], [ 107.110535196293455, 17.032551305848433 ], [ 107.110558825266168, 17.032429011242243 ], [ 107.110733217358344, 17.031499274934497 ], [ 107.110830044779078, 17.03062380585574 ], [ 107.111008546257793, 17.030046951760433 ], [ 107.111217097625655, 17.029381934274006 ], [ 107.11143386776665, 17.028974278368327 ], [ 107.111643446481182, 17.028584794245457 ], [ 107.111780083584279, 17.028386859380451 ], [ 107.111899255794555, 17.02821053509356 ], [ 107.112045652690739, 17.027996882879794 ], [ 107.112298636800759, 17.027627779687329 ], [ 107.112658208124756, 17.027098804181783 ], [ 107.113041408421367, 17.026540848824428 ], [ 107.113079933920389, 17.026481418622293 ], [ 107.11317907287112, 17.025964718879223 ], [ 107.113117432072741, 17.02582228238737 ], [ 107.112990041089375, 17.025725032582372 ], [ 107.112198727340044, 17.025456613035058 ], [ 107.111531208860782, 17.025514324498126 ], [ 107.111094586538854, 17.025034704862176 ], [ 107.110881925784369, 17.024344374595096 ], [ 107.110662073603393, 17.023031487593403 ], [ 107.110766092450646, 17.022035519377653 ], [ 107.110909150470221, 17.021233804704732 ], [ 107.110996218097952, 17.020390705128619 ], [ 107.111221207012065, 17.019805715075641 ], [ 107.111434124603193, 17.019760035674658 ], [ 107.111951393636375, 17.018360914428364 ], [ 107.111927764663662, 17.017970180262093 ], [ 107.112102927265781, 17.017610635343328 ], [ 107.112931996004164, 17.017858190935218 ], [ 107.113014183735359, 17.017835596589212 ], [ 107.113930576938117, 17.016330610532631 ], [ 107.115022646416335, 17.01431182760053 ], [ 107.115049357428973, 17.014290215208071 ], [ 107.115086341907983, 17.014271058767218 ], [ 107.115107916187441, 17.014232745879617 ], [ 107.115105861494143, 17.014200818467298 ], [ 107.115080177828148, 17.014137454817494 ], [ 107.114940201848484, 17.014057145044482 ], [ 107.113458254320435, 17.01324102879218 ], [ 107.113443614630768, 17.012882702777663 ], [ 107.113632132739227, 17.011715621107768 ], [ 107.114205649000979, 17.010395031920062 ], [ 107.114344340797317, 17.009999123509019 ], [ 107.114543646045448, 17.009442099588075 ], [ 107.114669496008801, 17.009088923951101 ], [ 107.115238646047274, 17.007675723535684 ], [ 107.115286931339341, 17.007555868717311 ], [ 107.115389666003324, 17.00719237412704 ], [ 107.115539658612732, 17.006670709036595 ], [ 107.115684514489004, 17.006174585521819 ], [ 107.11573690916768, 17.005983995149005 ], [ 107.115791358539596, 17.005886735038658 ], [ 107.115967548488314, 17.0055497627507 ], [ 107.116160175983239, 17.005178404833355 ], [ 107.11662556401113, 17.004286356881195 ], [ 107.11684490251875, 17.003869313182253 ], [ 107.11707759653271, 17.00349500461958 ], [ 107.117368335631781, 17.003025398593611 ], [ 107.117563531493346, 17.002648141017261 ], [ 107.117763864088147, 17.002255163567536 ], [ 107.11791693873748, 17.001957482600758 ], [ 107.11808901929966, 17.001694678053891 ], [ 107.118256990475246, 17.001441206403431 ], [ 107.11847016490303, 17.001117489203999 ], [ 107.118727001563002, 17.000729420807581 ], [ 107.118806620927586, 17.000606614185624 ], [ 107.118863124992771, 17.000463421562802 ], [ 107.119009008215613, 17.000085667600519 ], [ 107.11960255773684, 16.999226999064366 ], [ 107.11983422440413, 16.998778505295778 ], [ 107.120004763946355, 16.998516187522956 ], [ 107.120102361877116, 16.998366852896527 ], [ 107.120311940591648, 16.998047551486884 ], [ 107.120376663429965, 16.997894286617047 ], [ 107.120435222188462, 16.99776263592366 ], [ 107.120558503785247, 16.99748557968476 ], [ 107.120725961287548, 16.997098486239654 ], [ 107.120760377399975, 16.997054766244471 ], [ 107.120837942071304, 16.996957010263287 ], [ 107.120966360401255, 16.996798832135486 ], [ 107.121013875183394, 16.996736199454819 ], [ 107.121069351901937, 16.996638934544542 ], [ 107.121139725146762, 16.996519072666501 ], [ 107.121241432464117, 16.996343700846175 ], [ 107.121311805708942, 16.996220891350507 ], [ 107.121458202605112, 16.995968394774643 ], [ 107.121514192996955, 16.9958770243346 ], [ 107.121561194105723, 16.995811443910654 ], [ 107.121699115392161, 16.99561593060049 ], [ 107.121868627587759, 16.99536736313285 ], [ 107.121981122044815, 16.995204762496439 ], [ 107.122100807928362, 16.994754294135728 ], [ 107.122242581764624, 16.994460531197436 ], [ 107.122374595807869, 16.994301368476723 ], [ 107.122532293517068, 16.994000727413376 ], [ 107.122669957966821, 16.993738402954435 ], [ 107.122924226260167, 16.993454708955099 ], [ 107.123158204457354, 16.993192383732168 ], [ 107.123396035204451, 16.992927110661569 ], [ 107.123538322714083, 16.9924572325329 ], [ 107.123768448361403, 16.991923736439727 ], [ 107.123839335279555, 16.991759167817346 ], [ 107.123867587312148, 16.991698252827955 ], [ 107.123986245849082, 16.991511086486739 ], [ 107.124169113550934, 16.991225178486729 ], [ 107.124323215546923, 16.990982991472126 ], [ 107.124421327151026, 16.990893092358714 ], [ 107.124623200765768, 16.99071427650772 ], [ 107.124733126856228, 16.990615043461894 ], [ 107.12477370704849, 16.990562970654462 ], [ 107.124898529665231, 16.990399874597987 ], [ 107.125037221461611, 16.990222532038239 ], [ 107.125108108379806, 16.99006631324557 ], [ 107.125205192637239, 16.989852617516515 ], [ 107.125245515992859, 16.989767630411762 ], [ 107.125288921388375, 16.989669379375602 ], [ 107.125339518210382, 16.989558110014993 ], [ 107.125363917693079, 16.989506528169798 ], [ 107.125407579925266, 16.989440699889606 ], [ 107.125484630923253, 16.989324272203142 ], [ 107.125541648661766, 16.989240021743598 ], [ 107.12570422626753, 16.988996358393916 ], [ 107.125763812372668, 16.988905967070785 ], [ 107.125810042971452, 16.988764484912338 ], [ 107.125853191530297, 16.988629389001698 ], [ 107.125906613555557, 16.9884692388143 ], [ 107.125937433954761, 16.988412007195759 ], [ 107.12607766677111, 16.98815065743673 ], [ 107.126182456128404, 16.988046019179233 ], [ 107.126302142011909, 16.987931064406506 ], [ 107.126528158272677, 16.987714418681783 ], [ 107.1266889380218, 16.98756016284317 ], [ 107.12681067859863, 16.987421135975463 ], [ 107.127030530779592, 16.987170101334922 ], [ 107.127164085842793, 16.986921522670936 ], [ 107.127347467217987, 16.986582059971159 ], [ 107.127442496782166, 16.986404713801196 ], [ 107.127472803508027, 16.986364430160272 ], [ 107.127574510825383, 16.9862376840141 ], [ 107.127710634255195, 16.986067706489816 ], [ 107.127806691166001, 16.985947837854059 ], [ 107.12788425583733, 16.985849830449471 ], [ 107.128099484958412, 16.985580125598037 ], [ 107.128271565520592, 16.985369372356782 ], [ 107.128388683037528, 16.985151249871713 ], [ 107.128484483111706, 16.984977832489761 ], [ 107.128678651626643, 16.984623136948624 ], [ 107.128907749927365, 16.984312163713302 ], [ 107.129006375204753, 16.984180012213915 ], [ 107.129063392943266, 16.984121551112001 ], [ 107.129423477940534, 16.983751624557325 ], [ 107.129739900705601, 16.983494198476617 ], [ 107.129774316818029, 16.983464722185293 ], [ 107.130043481637642, 16.983152273212543 ], [ 107.130081493463337, 16.983108549965728 ], [ 107.13017960506744, 16.982886985940393 ], [ 107.130316755843864, 16.982577974922648 ], [ 107.130492432119297, 16.982185937954629 ], [ 107.130726667153169, 16.981913771457467 ], [ 107.131206438033985, 16.98135666407504 ], [ 107.131323555550907, 16.981219597719452 ], [ 107.131446837147678, 16.981019647694978 ], [ 107.131805381125048, 16.980434043449041 ], [ 107.132194745501522, 16.980021368218214 ], [ 107.13252144173299, 16.97967059355841 ], [ 107.132662701895981, 16.979430848035534 ], [ 107.132819885931895, 16.979165555501567 ], [ 107.13301816383337, 16.978832465455614 ], [ 107.133288355999667, 16.978375571068057 ], [ 107.133522591033582, 16.978023810760167 ], [ 107.133712650161954, 16.977737882202863 ], [ 107.133906818676891, 16.977444092612899 ], [ 107.134046537819927, 16.977232838944555 ], [ 107.134334194879088, 16.976877146184318 ], [ 107.134593086232329, 16.976550930132017 ], [ 107.134805746986771, 16.976288581268946 ], [ 107.135095458739215, 16.975926991223695 ], [ 107.135183810550231, 16.975764865026118 ], [ 107.135300928067196, 16.97554280103731 ], [ 107.135461194143048, 16.975245077666621 ], [ 107.135695429176948, 16.974807826315633 ], [ 107.135892679731796, 16.974571022349789 ], [ 107.136156707818245, 16.974245784880726 ], [ 107.136439228144198, 16.973901877578406 ], [ 107.136614904419631, 16.973685706951581 ], [ 107.137576500874516, 16.972168575184664 ], [ 107.138135377446602, 16.971594734584812 ], [ 107.138661378926244, 16.9707457617132 ], [ 107.139401068506942, 16.969983255028385 ], [ 107.139672288019909, 16.969370103076844 ], [ 107.14005651566319, 16.968692096183911 ], [ 107.140360610268601, 16.968257777438563 ], [ 107.140732509752254, 16.967721264660327 ], [ 107.141194815740221, 16.967057008620664 ], [ 107.141212794306412, 16.967030477635372 ], [ 107.141304228157352, 16.966790715968664 ], [ 107.141324775090126, 16.966730775504157 ], [ 107.141593939909754, 16.966324948577263 ], [ 107.141631951735476, 16.966266973230415 ], [ 107.142126105469245, 16.965763864384083 ], [ 107.142280207465234, 16.965355087454046 ], [ 107.142426090688133, 16.965119254205071 ], [ 107.143101057430528, 16.964627933985284 ], [ 107.143345565930773, 16.964386695286922 ], [ 107.143532543019234, 16.96408109306936 ], [ 107.143564390765107, 16.964025819303277 ], [ 107.143649660536241, 16.96383666006961 ], [ 107.143854102517523, 16.963391029641407 ], [ 107.144491571107537, 16.962848115728608 ], [ 107.144717330531662, 16.962603926787438 ], [ 107.144731199711345, 16.96259066098073 ], [ 107.145359165344914, 16.961551748876094 ], [ 107.145632439551136, 16.961188165131809 ], [ 107.145990983528435, 16.960857991175985 ], [ 107.146308947313472, 16.960566140499736 ], [ 107.146429146870332, 16.96028067668923 ], [ 107.146522121741228, 16.960058103055839 ], [ 107.146546264387254, 16.960003073772491 ], [ 107.146634616198313, 16.959894489157161 ], [ 107.146894534898166, 16.95958298362288 ], [ 107.146955405186574, 16.959507809497026 ], [ 107.147083823516567, 16.959298500988144 ], [ 107.147116056517405, 16.959241751809987 ], [ 107.14735799665111, 16.95903158316759 ], [ 107.14741141867637, 16.958984660621525 ], [ 107.147519033236918, 16.95891145159954 ], [ 107.147811056519316, 16.958711477816916 ], [ 107.148224563541831, 16.958426748194068 ], [ 107.148247935677929, 16.958354030291972 ], [ 107.148330123409096, 16.958123592970388 ], [ 107.148441590519568, 16.957943271884108 ], [ 107.148657333313906, 16.957770812045698 ], [ 107.148838146322561, 16.957627832401521 ], [ 107.148974783425643, 16.957452424235846 ], [ 107.149022041371055, 16.957222968488999 ], [ 107.149005603824861, 16.956923005039787 ], [ 107.149111163692083, 16.956682247789018 ], [ 107.149217750905976, 16.956566536796508 ], [ 107.149502325925255, 16.956461635261881 ], [ 107.149718453974629, 16.956260553350898 ], [ 107.149926106414156, 16.955698456409454 ], [ 107.150099984832906, 16.955526977200151 ], [ 107.151037695478465, 16.954972002583336 ], [ 107.151410622308745, 16.954692180762859 ], [ 107.151543150025276, 16.954494413553284 ], [ 107.151805123418441, 16.953873103785728 ], [ 107.152677340715641, 16.952988427851913 ], [ 107.153343061338305, 16.951926369016217 ], [ 107.153555722092747, 16.951736214892463 ], [ 107.153833619358821, 16.951622711951721 ], [ 107.15404422541998, 16.951450737668495 ], [ 107.154132834067667, 16.951430837776993 ], [ 107.154212967105593, 16.951335023455091 ], [ 107.15429926422334, 16.951228399254834 ], [ 107.154431021429914, 16.951066743093939 ], [ 107.154542231703644, 16.950961838489611 ], [ 107.154840932739205, 16.950675623053606 ], [ 107.1552023019198, 16.949948412775317 ], [ 107.155562386917111, 16.949642295715517 ], [ 107.156263037325488, 16.949041852779711 ], [ 107.156381695862365, 16.94888461699686 ], [ 107.15662620436261, 16.948558352327922 ], [ 107.157299116411735, 16.947661121568956 ], [ 107.158254291950158, 16.946652837424974 ], [ 107.158320042135131, 16.946674211925639 ], [ 107.158391442726568, 16.946584045912068 ], [ 107.158320106344249, 16.946674457609539 ], [ 107.158427143022266, 16.946575078445147 ], [ 107.158554020332303, 16.946317847088455 ], [ 107.159273162980156, 16.94485454530281 ], [ 107.16001285256084, 16.944217725388828 ], [ 107.160257361061127, 16.94393960737332 ], [ 107.160687819303263, 16.943138664500808 ], [ 107.160922568010491, 16.942825165686905 ], [ 107.161145502231349, 16.942584390380997 ], [ 107.161518942734872, 16.942178511310452 ], [ 107.161823037340255, 16.941676812120562 ], [ 107.16202388360837, 16.941346112510445 ], [ 107.162173362544479, 16.941183465089196 ], [ 107.162215483756697, 16.941136292396898 ], [ 107.16285243867344, 16.940608547095355 ], [ 107.162998321896282, 16.940453269797349 ], [ 107.16322947489023, 16.940199715452913 ], [ 107.163294197728575, 16.940100455713353 ], [ 107.163646577626039, 16.939534379365902 ], [ 107.163808898395132, 16.93927345297595 ], [ 107.16408345678461, 16.938833169584001 ], [ 107.164199546954904, 16.938648407496515 ], [ 107.164578637864977, 16.938272986100237 ], [ 107.164725548434518, 16.938204191522317 ], [ 107.164904306749833, 16.938036136090464 ], [ 107.165228948288046, 16.937541796727697 ], [ 107.165646307860555, 16.936901757998946 ], [ 107.166662867360657, 16.935734449513244 ], [ 107.167305986357235, 16.935146738521926 ], [ 107.167497072832248, 16.93490202219996 ], [ 107.168702150440822, 16.933370818068425 ], [ 107.169369925756726, 16.932706932045733 ], [ 107.16949937143329, 16.932577692673501 ], [ 107.17010139656422, 16.93186613743007 ], [ 107.170935602035797, 16.931044503995725 ], [ 107.171539681860025, 16.930443018872708 ], [ 107.171954729902538, 16.930004680464432 ], [ 107.172486895462001, 16.929436608093784 ], [ 107.173156725471202, 16.928727006634304 ], [ 107.173373495612196, 16.928453779874303 ], [ 107.173741285709269, 16.928001677170222 ], [ 107.173997095022628, 16.927609526336695 ], [ 107.174885749866036, 16.926590323482767 ], [ 107.17640622289305, 16.925391254237713 ], [ 107.176778122376675, 16.924786802501977 ], [ 107.176940443145796, 16.924644289208423 ], [ 107.177365764654709, 16.924487033035192 ], [ 107.177926695920078, 16.924097823441659 ], [ 107.178324279069727, 16.923570030359205 ], [ 107.178506119424938, 16.923329230416744 ], [ 107.178978698879291, 16.922881046846793 ], [ 107.179196496366956, 16.922671697576902 ], [ 107.179810849657613, 16.921945361920592 ], [ 107.180411847441931, 16.921234749359034 ], [ 107.18055670331816, 16.921061764429254 ], [ 107.180934766881663, 16.920745280226022 ], [ 107.181389881443124, 16.920360977264256 ], [ 107.181551174865575, 16.920223374990101 ], [ 107.182082313078411, 16.919936375637661 ], [ 107.182316548112311, 16.919751595001241 ], [ 107.182599068438279, 16.919435108596439 ], [ 107.182980214041706, 16.919008539122473 ], [ 107.183373687804774, 16.918745127075439 ], [ 107.183561692239877, 16.918621283970793 ], [ 107.183843185219175, 16.918360820032635 ], [ 107.184188373690162, 16.917955871609749 ], [ 107.184528425427999, 16.917557802530045 ], [ 107.184666089877709, 16.917399557551107 ], [ 107.184774988621541, 16.917310114678124 ], [ 107.18512993688563, 16.917020162215476 ], [ 107.185269142355352, 16.916902706768862 ], [ 107.185353898453158, 16.916779845344657 ], [ 107.185522896975399, 16.916540019613741 ], [ 107.185630768372576, 16.916306090942733 ], [ 107.185780760982027, 16.915969940831243 ], [ 107.186022187442362, 16.915726182480498 ], [ 107.186396141619298, 16.915459817147894 ], [ 107.18649579424337, 16.915384133940403 ], [ 107.186759822329819, 16.91509516141398 ], [ 107.187018713683045, 16.914817000366135 ], [ 107.1874563633516, 16.914468069849125 ], [ 107.187864219967651, 16.91414076260774 ], [ 107.189744264318648, 16.912616761493904 ], [ 107.190464434313128, 16.91194002438052 ], [ 107.190918521527919, 16.911447582338969 ], [ 107.191213370013543, 16.911130099063062 ], [ 107.19145787851383, 16.910867658923436 ], [ 107.19196538775391, 16.91068090354532 ], [ 107.191968584638175, 16.910664836704562 ], [ 106.549818949913245, 17.005709486533721 ] ] ] } },
{ "type": "Feature", "properties": { "fid": 4, "ten_vung": null, "id": null, "nam": null, "mau": null, "mo_ta": null, "thoi_ky": null }, "geometry": { "type": "Polygon", "coordinates": [ [ [ 106.691522916949594, 17.41083494713072 ], [ 106.691317278511079, 17.410934036617505 ], [ 106.684394460477819, 17.418803139981794 ], [ 106.674359304677409, 17.430229953764261 ], [ 106.666791810139344, 17.438799594613528 ], [ 106.653663852223346, 17.453489470717916 ], [ 106.641029426559868, 17.470814469278633 ], [ 106.635107039530126, 17.479036989542848 ], [ 106.633396127721525, 17.483681607763426 ], [ 106.62865821809774, 17.486317689675037 ], [ 106.627605349292452, 17.49171526198829 ], [ 106.625762828883182, 17.496547836122428 ], [ 106.609443362401151, 17.518826223512608 ], [ 106.605363495780665, 17.524975832123378 ], [ 106.601415237760847, 17.528866293201474 ], [ 106.589438855100639, 17.544678276073203 ], [ 106.584339021825031, 17.554152255728479 ], [ 106.579551758975938, 17.560928043195066 ], [ 106.57226393271435, 17.572110674776717 ], [ 106.568973717697816, 17.577787987597745 ], [ 106.562360385514609, 17.589424353514847 ], [ 106.555352227529369, 17.602502609095062 ], [ 106.551732991011178, 17.609778350904016 ], [ 106.549923372752119, 17.612443958774723 ], [ 106.548212460943517, 17.616583412955922 ], [ 106.547883439441861, 17.619280278986441 ], [ 106.545382876029294, 17.622227970161855 ], [ 106.544807088401413, 17.622541551494752 ], [ 106.544132594323003, 17.622290686472049 ], [ 106.543757304172743, 17.622405339670252 ], [ 106.543504368893309, 17.622278927165546 ], [ 106.543217503271563, 17.622349482993052 ], [ 106.543131135127396, 17.622111356964627 ], [ 106.54262834914519, 17.622005523073295 ], [ 106.541777006009653, 17.622220130621546 ], [ 106.540592528603682, 17.623128535086934 ], [ 106.540216210261136, 17.623845848001647 ], [ 106.539889245143897, 17.62400459719559 ], [ 106.539673324783422, 17.624604315111668 ], [ 106.539118100999389, 17.625509767794803 ], [ 106.537051434692103, 17.628120268263988 ], [ 106.536662778043294, 17.629113894773685 ], [ 106.535347977276885, 17.630144996967225 ], [ 106.534938499736143, 17.630793199318852 ], [ 106.533786410384252, 17.632023454515572 ], [ 106.532759246383819, 17.633121417117064 ], [ 106.532273425572754, 17.634060632830348 ], [ 106.530982530274883, 17.635423148334471 ], [ 106.530184396085332, 17.636494633874488 ], [ 106.529622232003987, 17.637222182153057 ], [ 106.52892126197662, 17.638584673755606 ], [ 106.5285881277062, 17.639265915693734 ], [ 106.528102306895164, 17.639966996940906 ], [ 106.527213948840696, 17.641309626054522 ], [ 106.527158426462293, 17.641673390840545 ], [ 106.526721187732335, 17.641977629915733 ], [ 106.526186784840206, 17.64271838377659 ], [ 106.526047978894212, 17.643128442639835 ], [ 106.525659322245374, 17.643426065423746 ], [ 106.524160218028456, 17.646104648351141 ], [ 106.523556412163316, 17.647182684065314 ], [ 106.523139994325305, 17.647751461044233 ], [ 106.522647233216986, 17.64888239597952 ], [ 106.52223775567623, 17.649107259389215 ], [ 106.521744994567925, 17.649933960687608 ], [ 106.521654770702995, 17.650515956125258 ], [ 106.521245293162281, 17.651031814145153 ], [ 106.52006544262116, 17.653320089594402 ], [ 106.519343651701874, 17.655052810614141 ], [ 106.518052756404018, 17.65767170080667 ], [ 106.518028465363457, 17.657724607286593 ], [ 106.517657159457869, 17.65773122059549 ], [ 106.51667510738983, 17.659887146343692 ], [ 106.516432196984326, 17.659893759573119 ], [ 106.516161525389606, 17.660555081289314 ], [ 106.515526488186609, 17.66086259505958 ], [ 106.515037197226931, 17.66086259505958 ], [ 106.514804697267365, 17.661087443505259 ], [ 106.514669361470041, 17.661021311638635 ], [ 106.514443801807772, 17.661242853296162 ], [ 106.514159249618359, 17.661064297354695 ], [ 106.513722010888443, 17.661434635406298 ], [ 106.512899585658289, 17.662849848796348 ], [ 106.51194182463081, 17.664572558485574 ], [ 106.511053466576328, 17.666133233252985 ], [ 106.509596004143233, 17.668229542035839 ], [ 106.508652123710363, 17.66994889377942 ], [ 106.507444511980069, 17.672131124245926 ], [ 106.505522049627842, 17.675602799957449 ], [ 106.50484190049238, 17.676786460733922 ], [ 106.50420339314077, 17.678419767556768 ], [ 106.503356676870098, 17.680033222074453 ], [ 106.502614065058921, 17.681706173965033 ], [ 106.501545259274678, 17.684000671588297 ], [ 106.501080259355561, 17.685052031029002 ], [ 106.50031682665248, 17.686883629952654 ], [ 106.499386826814202, 17.689224346525354 ], [ 106.49844294638136, 17.691604704982662 ], [ 106.497880782300015, 17.693846180358985 ], [ 106.497450483867368, 17.695611570475648 ], [ 106.496881379488727, 17.698064574372875 ], [ 106.496673170569721, 17.698943944968438 ], [ 106.496152648272201, 17.699869593573933 ], [ 106.496124887082985, 17.700848131196107 ], [ 106.495927088609946, 17.701139046757913 ], [ 106.494216305325324, 17.702514277577169 ], [ 106.493654141244036, 17.703340733337701 ], [ 106.493071156270787, 17.703823381741817 ], [ 106.491072350648224, 17.704881236718027 ], [ 106.489136007701433, 17.70675230243987 ], [ 106.488775112241754, 17.708676240136064 ], [ 106.488691828674177, 17.710329091099251 ], [ 106.488233769052357, 17.712457940704198 ], [ 106.488157425782063, 17.712742226161854 ], [ 106.48726212743027, 17.715750335375784 ], [ 106.485457650132133, 17.718619561769938 ], [ 106.483882202644921, 17.721158193850538 ], [ 106.482105486536014, 17.72406699892236 ], [ 106.480550859940692, 17.726427062901355 ], [ 106.479593098913213, 17.727927703668538 ], [ 106.478565934912751, 17.729699369105774 ], [ 106.477372203777065, 17.731761882924122 ], [ 106.476206233830581, 17.733903699069923 ], [ 106.474589144559573, 17.736924673995485 ], [ 106.473277428369755, 17.739403554097041 ], [ 106.472305786747725, 17.741227987934455 ], [ 106.470778921341591, 17.744460363117636 ], [ 106.469453324557222, 17.747329129843553 ], [ 106.468155488962012, 17.750396147569745 ], [ 106.46675354890732, 17.753430063828855 ], [ 106.46533078796071, 17.756444099638468 ], [ 106.464150937419632, 17.758850004064278 ], [ 106.463102952527265, 17.761632616907612 ], [ 106.462041087040262, 17.764441623970676 ], [ 106.460764072337, 17.767726453911266 ], [ 106.45988959487714, 17.770218125710119 ], [ 106.459285789011986, 17.771923281621621 ], [ 106.452317730522282, 17.795033809359374 ], [ 106.446543403168263, 17.817130412113773 ], [ 106.444433552788936, 17.8352074139605 ], [ 106.444766687059328, 17.848209035214051 ], [ 106.447098626952311, 17.860047083575822 ], [ 106.453872357117618, 17.875054904719224 ], [ 106.456315341767365, 17.876323113215783 ], [ 106.459591162093218, 17.879916321453546 ], [ 106.461756534850977, 17.884037853150215 ], [ 106.463422206203091, 17.889268890224791 ], [ 106.464754743284772, 17.891699420656344 ], [ 106.46575414609606, 17.892491977731147 ], [ 106.466462056420696, 17.892716534925523 ], [ 106.466975638420919, 17.893192066869783 ], [ 106.467697429340191, 17.893231694474288 ], [ 106.467975041232208, 17.893601551689606 ], [ 106.467933399448398, 17.894143126935546 ], [ 106.468224891935023, 17.894420518494595 ], [ 106.468752354529855, 17.894631864153304 ], [ 106.468988324638062, 17.89858133984265 ], [ 106.469376981286942, 17.900721152824829 ], [ 106.470237578152208, 17.90291377391884 ], [ 106.470903846693048, 17.90365344720971 ], [ 106.472513995666773, 17.906876273400584 ], [ 106.474040861072851, 17.908302751538546 ], [ 106.474540562478481, 17.908514080657021 ], [ 106.476150711452206, 17.910495278892373 ], [ 106.476789218803859, 17.910442447226764 ], [ 106.480981158373339, 17.915223649196967 ], [ 106.48236921783348, 17.91823494777465 ], [ 106.483063247563521, 17.920163208584786 ], [ 106.483757277293563, 17.921140538242035 ], [ 106.485006530807638, 17.922223518862435 ], [ 106.485894888862106, 17.922646143650141 ], [ 106.48656115740296, 17.922566901579241 ], [ 106.487699366160243, 17.922276347016037 ], [ 106.488893097295929, 17.921853721346146 ], [ 106.489642649404374, 17.921800893066518 ], [ 106.490197873188407, 17.921932963736047 ], [ 106.490919664107679, 17.922355589216895 ], [ 106.493168320433028, 17.922302761086932 ], [ 106.493917872541502, 17.922831041677711 ], [ 106.494639663460745, 17.922936697606815 ], [ 106.495111603677202, 17.922712178682136 ], [ 106.495458618542202, 17.922289554051979 ], [ 106.496582946704862, 17.921470715961956 ], [ 106.497221454056515, 17.921417887568118 ], [ 106.497998767354161, 17.922249932941202 ], [ 106.500316826652565, 17.923108388357228 ], [ 106.501579960761234, 17.92396023615786 ], [ 106.502683468032004, 17.924046081057856 ], [ 106.502454438221093, 17.924237581069441 ], [ 106.501954736815478, 17.924290408622412 ], [ 106.501850632355954, 17.92462058047153 ], [ 106.502093542761457, 17.92503659612516 ], [ 106.503287273897172, 17.928391099340203 ], [ 106.504952945249258, 17.931653094678264 ], [ 106.506688019574383, 17.933977394770906 ], [ 106.508048317845265, 17.93540365471975 ], [ 106.508173243196694, 17.93534422745131 ], [ 106.508249586466974, 17.935364036543003 ], [ 106.510588466657239, 17.93775431733518 ], [ 106.510668280076246, 17.938143890427163 ], [ 106.511105518806161, 17.938421213122716 ], [ 106.511438653076581, 17.938533462661663 ], [ 106.511979996266021, 17.938942842729812 ], [ 106.512483167820292, 17.939131025185397 ], [ 106.512840593131287, 17.939292795908312 ], [ 106.513239660226077, 17.939408346334151 ], [ 106.513350704982855, 17.939510690934029 ], [ 106.513649137766791, 17.939183848294856 ], [ 106.513784473564158, 17.939246575716854 ], [ 106.513909398915601, 17.939114517960459 ], [ 106.514020443672379, 17.939180546850977 ], [ 106.513777533266875, 17.939441360727681 ], [ 106.514783876375461, 17.940237005748838 ], [ 106.514832458456581, 17.940342651291754 ], [ 106.514693652510545, 17.940732218686172 ], [ 106.515394622537912, 17.941128388038255 ], [ 106.515380741943304, 17.941253841481512 ], [ 106.51607477167336, 17.941425514470264 ], [ 106.51887171148546, 17.93865891794448 ], [ 106.521141188702714, 17.94064638187632 ], [ 106.521363278216313, 17.94079164414552 ], [ 106.522085069135585, 17.940408679724047 ], [ 106.522085069135585, 17.940052125896976 ], [ 106.522307158649198, 17.939616336910532 ], [ 106.522862382433232, 17.939642748394807 ], [ 106.523320442055052, 17.939444662166689 ], [ 106.523750740487699, 17.939022077472345 ], [ 106.525416411839856, 17.937463787691438 ], [ 106.525471934218231, 17.937133639790137 ], [ 106.525333128272237, 17.937120433861278 ], [ 106.525471934218231, 17.936829903177056 ], [ 106.525846710272461, 17.93671104957788 ], [ 106.526374172867293, 17.936631813800755 ], [ 106.526818351894548, 17.936433724202779 ], [ 106.52726253092176, 17.935997926306886 ], [ 106.52776223232739, 17.934941442106027 ], [ 106.527720590543623, 17.933990600934255 ], [ 106.527387456273189, 17.933211435611391 ], [ 106.526971038435136, 17.932881279779195 ], [ 106.526249247515906, 17.933052960888777 ], [ 106.526165963948287, 17.932722804761042 ], [ 106.526637904164716, 17.932551123331308 ], [ 106.526859993678357, 17.932062490658559 ], [ 106.526998799624366, 17.932022871734105 ], [ 106.527207008543357, 17.932088903269943 ], [ 106.527359695083987, 17.93189080858853 ], [ 106.527665068165206, 17.931745539014631 ], [ 106.527845515895009, 17.931745539014631 ], [ 106.5278038741112, 17.931917221225525 ], [ 106.528012083030234, 17.931983252800769 ], [ 106.528595068003483, 17.93162668200188 ], [ 106.52856383666564, 17.931488015386162 ], [ 106.528702642611648, 17.931243697751373 ], [ 106.529396672341676, 17.931223888198637 ], [ 106.53060428407197, 17.931382364558431 ], [ 106.530854134774785, 17.931210681828915 ], [ 106.531881298775247, 17.931223888198637 ], [ 106.532533686721507, 17.931501221735193 ], [ 106.532686373262138, 17.931408777271272 ], [ 106.532422641964686, 17.931329539120924 ], [ 106.532394880775513, 17.931184269086522 ], [ 106.53263085088372, 17.931184269086522 ], [ 106.533297119424546, 17.931289920032455 ], [ 106.533477567154378, 17.931395570915342 ], [ 106.533630253694994, 17.931250300935115 ], [ 106.53382458201942, 17.931197475458216 ], [ 106.533699656667991, 17.931474809036139 ], [ 106.533949507370806, 17.931435189980174 ], [ 106.53400502974921, 17.931567253465577 ], [ 106.533755179046395, 17.931646491509543 ], [ 106.534213238668215, 17.931937030700684 ], [ 106.534143835695204, 17.932201156824355 ], [ 106.533769059641003, 17.932293600874559 ], [ 106.533880104397781, 17.932452076276892 ], [ 106.534338164019644, 17.9325577264663 ], [ 106.534560253533243, 17.933138801381133 ], [ 106.534851746019868, 17.933165213831955 ], [ 106.534935029587487, 17.933389719504778 ], [ 106.53469905947928, 17.933482162934368 ], [ 106.534393686398033, 17.93319162627882 ], [ 106.534532492344042, 17.933574606315684 ], [ 106.534546372938649, 17.933719874388796 ], [ 106.534636596803566, 17.933799111469355 ], [ 106.534476969965667, 17.933931173191453 ], [ 106.534372865506157, 17.934076440971989 ], [ 106.534525552046745, 17.934228311705994 ], [ 106.534823984830666, 17.934333960835424 ], [ 106.535282044452501, 17.934749953669634 ], [ 106.535295925047123, 17.934901823825836 ], [ 106.535177939993019, 17.934967854287894 ], [ 106.5351571191011, 17.935304609261276 ], [ 106.535039134047011, 17.935581936405384 ], [ 106.535136298209196, 17.93564796661375 ], [ 106.535143238506492, 17.935971514278719 ], [ 106.534921148992879, 17.936268649368451 ], [ 106.534414507289938, 17.936433724202779 ], [ 106.533449805965176, 17.936321473332189 ], [ 106.532825179208118, 17.935885675159941 ], [ 106.532311597207894, 17.936011132319493 ], [ 106.531929880856353, 17.935832851066149 ], [ 106.531895179369883, 17.935641363594023 ], [ 106.531686970450849, 17.935548921291968 ], [ 106.531603686883273, 17.935766820926748 ], [ 106.531346895883132, 17.936143192391402 ], [ 106.530916597450499, 17.93608376537124 ], [ 106.530805552693678, 17.936209222390403 ], [ 106.53054182139627, 17.93629506135229 ], [ 106.53087495566669, 17.93637429728016 ], [ 106.53054182139627, 17.936479945128802 ], [ 106.530194806531227, 17.936361091294643 ], [ 106.530021299098735, 17.936559180973909 ], [ 106.530319731882656, 17.936658225730415 ], [ 106.530486299017852, 17.936803491273029 ], [ 106.530222567720429, 17.936796888296406 ], [ 106.530326672179953, 17.936876123999635 ], [ 106.530035179693343, 17.936856315077151 ], [ 106.530201746828538, 17.937001580457192 ], [ 106.530340552774561, 17.937140242754204 ], [ 106.530361373666466, 17.937351537474097 ], [ 106.530132343855556, 17.937543023096126 ], [ 106.528785926179239, 17.937668479080987 ], [ 106.528480553098021, 17.937377949296348 ], [ 106.528529135179127, 17.937562831941754 ], [ 106.527668538313876, 17.937800537916356 ], [ 106.527751821881481, 17.937945802521455 ], [ 106.52768935920578, 17.938064655291491 ], [ 106.527571374151648, 17.938104272863768 ], [ 106.527356224935346, 17.938018434779295 ], [ 106.527342344340738, 17.938143890427181 ], [ 106.526946747394618, 17.938091067007321 ], [ 106.526565031043063, 17.93824953721958 ], [ 106.525947344583344, 17.938163699205553 ], [ 106.525600329718316, 17.937754317335187 ], [ 106.523684807663372, 17.939570116803573 ], [ 106.523684807663372, 17.939688968482798 ], [ 106.523920777771593, 17.939807820082194 ], [ 106.524142867285192, 17.940111551584707 ], [ 106.523948538960795, 17.940203991503743 ], [ 106.5241567478798, 17.940402076881927 ], [ 106.524170628474394, 17.940785041317685 ], [ 106.524517643339436, 17.940877480884918 ], [ 106.524559285123203, 17.941075565509216 ], [ 106.524073464312181, 17.94114159366805 ], [ 106.524476001555627, 17.941379294835826 ], [ 106.524420479177209, 17.941683023641108 ], [ 106.524462120961019, 17.941947135221927 ], [ 106.5241567478798, 17.941960340790615 ], [ 106.523893016582377, 17.942554590361777 ], [ 106.524017941933764, 17.942752673108664 ], [ 106.524267792636579, 17.94277908412483 ], [ 106.524212270258218, 17.943294098152055 ], [ 106.523643165879562, 17.943386536408514 ], [ 106.523476598744367, 17.943769494385105 ], [ 106.523087942095529, 17.943756288951434 ], [ 106.52262988247368, 17.944139246127698 ], [ 106.522366151176271, 17.944126040721628 ], [ 106.522282867608652, 17.944192067742136 ], [ 106.522005255716635, 17.944178862340006 ], [ 106.52175540501382, 17.944192067742136 ], [ 106.521297345392, 17.94411283531457 ], [ 106.521311225986608, 17.944244889340801 ], [ 106.520908688743162, 17.943927959512269 ], [ 106.520353464959129, 17.9433205090874 ], [ 106.51986070385081, 17.942963961127592 ], [ 106.519451226310053, 17.943115824235349 ], [ 106.519131972634227, 17.942944152886536 ], [ 106.518902942823317, 17.942746070353998 ], [ 106.518805778661104, 17.942884728150052 ], [ 106.518195032498653, 17.942429137840719 ], [ 106.517917420606636, 17.942072588084724 ], [ 106.515668764281287, 17.941775462739241 ], [ 106.515509137443388, 17.9420461769631 ], [ 106.514273764523892, 17.94264042624599 ], [ 106.513066152793598, 17.942812097889487 ], [ 106.512233317117534, 17.942647029004586 ], [ 106.5119001828471, 17.942647029004586 ], [ 106.511525406792913, 17.942772481371158 ], [ 106.510414959224789, 17.944000589314783 ], [ 106.509790332467745, 17.944475983649529 ], [ 106.508499437169831, 17.945981390615479 ], [ 106.507965034277703, 17.946694473654503 ], [ 106.506993392655616, 17.94854319407262 ], [ 106.506618616601415, 17.9496260070588 ], [ 106.506361825601303, 17.950253243256387 ], [ 106.505924586871345, 17.951633155060797 ], [ 106.505785780925351, 17.953098886907259 ], [ 106.505702497357746, 17.954373139406048 ], [ 106.505681676465841, 17.955310666468932 ], [ 106.50553593022255, 17.956756561137137 ], [ 106.50586212419563, 17.957040456874935 ], [ 106.507888691007381, 17.958129820009869 ], [ 106.509061601251162, 17.958743821727801 ], [ 106.50907548184577, 17.958874214291203 ], [ 106.509606414589285, 17.959156456092689 ], [ 106.510928541225027, 17.959522874601276 ], [ 106.511619100806442, 17.959631809687082 ], [ 106.512021638049845, 17.959753948945878 ], [ 106.516904137200626, 17.959732492055149 ], [ 106.519178819640828, 17.955231439022089 ], [ 106.519178819640828, 17.954993756468618 ], [ 106.519267308431438, 17.954800639158659 ], [ 106.519402644228776, 17.954751121865716 ], [ 106.519553595695072, 17.954800639158659 ], [ 106.519631674039687, 17.954934335780326 ], [ 106.519626468816739, 17.955112597785291 ], [ 106.517143577457489, 17.959985022988384 ], [ 106.517088922616253, 17.960032063024329 ], [ 106.516982215545255, 17.960051869351499 ], [ 106.516649081274849, 17.960041966188189 ], [ 106.511938354482112, 17.960034538815336 ], [ 106.511750966455011, 17.95991570080734 ], [ 106.51162083588062, 17.95991570080734 ], [ 106.511506320975158, 17.959972644029474 ], [ 106.511410024350113, 17.960071675676453 ], [ 106.51078279498158, 17.960049393560716 ], [ 106.510746358420761, 17.960175658846062 ], [ 106.510661122894547, 17.960212795677524 ], [ 105.683363804080159, 17.832902260544536 ], [ 105.861590638756994, 17.627205527147051 ], [ 106.134594173369464, 17.334956391781127 ], [ 106.277800267867988, 17.295599299686053 ], [ 106.285795490358197, 17.296652907355046 ], [ 106.558514527002473, 17.329094048730116 ], [ 106.691522916949594, 17.41083494713072 ] ] ] } },
{ "type": "Feature", "properties": { "fid": 5, "ten_vung": null, "id": null, "nam": null, "mau": null, "mo_ta": null, "thoi_ky": null }, "geometry": { "type": "Polygon", "coordinates": [ [ [ 106.277799259601863, 17.295558350704777 ], [ 106.277800267868784, 17.295599299685833 ], [ 106.279916352344529, 17.295878157157428 ], [ 106.28217363050338, 17.296175616830677 ], [ 106.282173707119043, 17.296175630753361 ], [ 106.282173707490287, 17.296175630801944 ], [ 106.283613064827776, 17.29636530866555 ], [ 106.284439397642302, 17.296474204797356 ], [ 106.284443897525591, 17.29647479639609 ], [ 106.285763160973502, 17.296648647012479 ], [ 106.285763175012349, 17.296648648861886 ], [ 106.285763175448992, 17.296648648919561 ], [ 106.285763185092634, 17.296648650190882 ], [ 106.28584238773891, 17.296658488100935 ], [ 106.558514527002473, 17.329094048729988 ], [ 106.691522916949012, 17.410834947130663 ], [ 106.691523937557747, 17.41083556150555 ], [ 106.325761504808938, 17.185966535551824 ], [ 106.325551626248824, 17.186388127346159 ], [ 106.325311516314144, 17.186858148667032 ], [ 106.324713595496476, 17.188047064898186 ], [ 106.324169032442001, 17.189141520761098 ], [ 106.323334140381576, 17.190799684034495 ], [ 106.321833060953338, 17.191882879421854 ], [ 106.322390963448683, 17.193671449770928 ], [ 106.323040672683689, 17.194218661891593 ], [ 106.323608775927809, 17.194677419299961 ], [ 106.32439344891695, 17.195328073282777 ], [ 106.324996077772596, 17.19582280865183 ], [ 106.326038123502187, 17.196503442423289 ], [ 106.326683124699329, 17.196911221810144 ], [ 106.327059767734099, 17.198169035657564 ], [ 106.326128360896035, 17.199420844290742 ], [ 106.320148368045793, 17.201031692165273 ], [ 106.317150917227281, 17.203723778199929 ], [ 106.306874839761448, 17.20622581274532 ], [ 106.305201916948576, 17.206933392171713 ], [ 106.304250893285726, 17.2080127454063 ], [ 106.304244615901837, 17.208732310730909 ], [ 106.304743667922907, 17.209682732307257 ], [ 106.305220749100329, 17.210612161933774 ], [ 106.30574804934902, 17.211610544039559 ], [ 106.307417833469955, 17.21357731104122 ], [ 106.307794476504768, 17.215016395596159 ], [ 106.307606154987411, 17.217669678384379 ], [ 106.307603016295459, 17.218242302781828 ], [ 106.308538346498523, 17.218251296868161 ], [ 106.3104042988667, 17.217714648950977 ], [ 106.312085068409431, 17.217718396497698 ], [ 106.312830507749169, 17.218245300810661 ], [ 106.313087880489604, 17.218545103447887 ], [ 106.313491202406027, 17.219018790623828 ], [ 106.313767407298258, 17.219327586040755 ], [ 106.315069964460207, 17.219691844049088 ], [ 106.317656246632467, 17.218810428376337 ], [ 106.319853331002079, 17.218240803767401 ], [ 106.320490485469278, 17.21809090226283 ], [ 106.32200019630038, 17.217122535614802 ], [ 106.323186621859961, 17.216367026225019 ], [ 106.324416989106908, 17.215584531102717 ], [ 106.3244275821923, 17.215573288332582 ], [ 106.325361735385869, 17.215753172572786 ], [ 106.325824692449515, 17.217637449471606 ], [ 106.32643202934311, 17.218295517786302 ], [ 106.327072322502246, 17.218985062937833 ], [ 106.327246519905842, 17.219176935913929 ], [ 106.327320279166841, 17.219241393197144 ], [ 106.32744111880713, 17.219455750977364 ], [ 106.327811484458053, 17.220076337834797 ], [ 106.328614989598918, 17.221386458803366 ], [ 106.329183092843095, 17.224814614697891 ], [ 106.333101749750881, 17.226073737756625 ], [ 106.333705947952495, 17.226655329796724 ], [ 106.334223832125332, 17.22715297926441 ], [ 106.33422500913484, 17.228591208670906 ], [ 106.333630227009067, 17.22973788694058 ], [ 106.3332928176238, 17.230370430600438 ], [ 106.333286540239868, 17.231454143732705 ], [ 106.334217162404983, 17.23396704467261 ], [ 106.334035118271473, 17.235402972717672 ], [ 106.332920882626922, 17.235408968218472 ], [ 106.330494673744525, 17.234872370126713 ], [ 106.328263063763416, 17.235396977216688 ], [ 106.326191527072112, 17.236122431423141 ], [ 106.325406854082971, 17.236862871414235 ], [ 106.324688093624928, 17.237555344994686 ], [ 106.32281821789185, 17.237732210124896 ], [ 106.319841168571088, 17.236479161991877 ], [ 106.317769631879798, 17.236290304717787 ], [ 106.316088862337068, 17.237186625619223 ], [ 106.313661084108645, 17.238977755524388 ], [ 106.310481589156637, 17.238979254370591 ], [ 106.308238993753733, 17.238438170101187 ], [ 106.307490415722086, 17.239153120447423 ], [ 106.308234285715812, 17.241303950185426 ], [ 106.312717907175767, 17.242027882363608 ], [ 106.315511343017079, 17.243460750106031 ], [ 106.317573463632542, 17.245441416647907 ], [ 106.317946183302425, 17.248313832480509 ], [ 106.316450596585085, 17.250998860124934 ], [ 106.314583074870924, 17.251723503647952 ], [ 106.311760606129013, 17.25172050616251 ], [ 106.310193614169705, 17.251449982900731 ], [ 106.308876932893895, 17.255381148972205 ], [ 106.307943172036829, 17.25735794081972 ], [ 106.307381346176626, 17.257366933001098 ], [ 106.30660608926334, 17.256998253205097 ], [ 106.30569900728787, 17.256467712693205 ], [ 106.304762107738853, 17.257896721580142 ], [ 106.304937874488445, 17.26147106868488 ], [ 106.306053679478964, 17.266494520324805 ], [ 106.307918062501216, 17.270635168260185 ], [ 106.307743865097635, 17.277333739356763 ], [ 106.307608901343514, 17.278253837256798 ], [ 106.306334592409115, 17.286447600834439 ], [ 106.30528313060374, 17.292345446353806 ], [ 106.30379539061633, 17.295243353032259 ], [ 106.30210834368971, 17.294506144285858 ], [ 106.300234544591646, 17.293792906996735 ], [ 106.298758574699065, 17.294315098854469 ], [ 106.296871436160203, 17.295575995036195 ], [ 106.294621386363801, 17.29558049019429 ], [ 106.291784008835037, 17.296299714075442 ], [ 106.290330794459166, 17.296470529334076 ], [ 106.287692723869696, 17.296289974604164 ], [ 106.285836972250365, 17.296645839566217 ], [ 106.277799259601863, 17.295558350704777 ] ] ] } },
{ "type": "Feature", "properties": { "fid": 6, "ten_vung": null, "id": null, "nam": null, "mau": null, "mo_ta": null, "thoi_ky": null }, "geometry": { "type": "Polygon", "coordinates": [ [ [ 106.134553589290078, 17.334769221794801 ], [ 106.134594173369351, 17.3349563917814 ], [ 106.277800267868088, 17.295599299685307 ], [ 106.277799259600968, 17.295558350704916 ], [ 106.275369476001742, 17.294479673594452 ], [ 106.275185862522292, 17.289089867935633 ], [ 106.274910442303124, 17.286489308927898 ], [ 106.276195736659304, 17.28410280856205 ], [ 106.280507122398177, 17.276439050585576 ], [ 106.280916721698503, 17.27405185802855 ], [ 106.280163435628936, 17.270698047497909 ], [ 106.277974197989209, 17.26593247447456 ], [ 106.277366861095615, 17.264606184594417 ], [ 106.27628636638957, 17.263282133145864 ], [ 106.275315333565544, 17.262094075492563 ], [ 106.273381506983839, 17.261388206014672 ], [ 106.26934436445471, 17.259931498677489 ], [ 106.267743631556883, 17.258466911721825 ], [ 106.266182916981478, 17.257040529976848 ], [ 106.265243663413457, 17.256166036738495 ], [ 106.262564789828559, 17.25448448024887 ], [ 106.260942870759976, 17.253461600822007 ], [ 106.259224436913755, 17.253122138484066 ], [ 106.253694846359295, 17.252022815765301 ], [ 106.251776320900873, 17.251298922790898 ], [ 106.251214298872341, 17.249687014256857 ], [ 106.251216652891372, 17.248207732946707 ], [ 106.251216652891358, 17.245521165898658 ], [ 106.250847071913526, 17.244118290241687 ], [ 106.249732443932416, 17.243756328606228 ], [ 106.248423609386563, 17.244633128860674 ], [ 106.248150543186298, 17.245368288940874 ], [ 106.247717403696342, 17.246474395837971 ], [ 106.246917037247371, 17.248601159984577 ], [ 106.245619972796305, 17.249486929788347 ], [ 106.244478273597139, 17.249493674212168 ], [ 106.240019761672855, 17.248945126936164 ], [ 106.235703667896075, 17.250197903109346 ], [ 106.230024597137188, 17.254501340851252 ], [ 106.222828361153788, 17.260531717446455 ], [ 106.220422553769083, 17.262150275175639 ], [ 106.216075857745778, 17.26507151111355 ], [ 106.211341925602241, 17.268304036829008 ], [ 106.208659520988917, 17.270168670351929 ], [ 106.204657688744305, 17.271493796270434 ], [ 106.20377963966942, 17.271779275924771 ], [ 106.200999543268949, 17.273199924005795 ], [ 106.199554175622922, 17.274330590204528 ], [ 106.197809847568081, 17.275695023078338 ], [ 106.197284901338293, 17.276104126188343 ], [ 106.196187928499484, 17.276967285813559 ], [ 106.195109787812441, 17.277807963435762 ], [ 106.194595434668059, 17.278236168076017 ], [ 106.193808898080576, 17.278941973026974 ], [ 106.192867290493595, 17.279787137180666 ], [ 106.191915089821293, 17.280640164621374 ], [ 106.191004672985642, 17.281454976339813 ], [ 106.189023766024562, 17.283230691457714 ], [ 106.186023568850601, 17.285914461302948 ], [ 106.183675434930578, 17.28816102080474 ], [ 106.182694103273533, 17.289103353884894 ], [ 106.181712624490288, 17.290045401185264 ], [ 106.181393213541654, 17.290340545045467 ], [ 106.180003753846108, 17.291676202061726 ], [ 106.179086274953548, 17.292555583909518 ], [ 106.17889618792195, 17.292682012264212 ], [ 106.178581926389796, 17.292903402151666 ], [ 106.178172327089428, 17.293186601010312 ], [ 106.17788513677543, 17.293393380854063 ], [ 106.17746023635182, 17.29368894077081 ], [ 106.176769331784897, 17.294176669785564 ], [ 106.175203909171572, 17.295266750698239 ], [ 106.17281575692914, 17.296934449617904 ], [ 106.1647767821554, 17.299437093420487 ], [ 106.164209463584228, 17.300688964434009 ], [ 106.164204755546322, 17.30265777845085 ], [ 106.162717015558897, 17.304096168062596 ], [ 106.159736827546141, 17.305435658272277 ], [ 106.156756639533384, 17.306896500565976 ], [ 106.153371560258222, 17.308566341464754 ], [ 106.152046247579563, 17.308923680952308 ], [ 106.147743100907135, 17.308022464936911 ], [ 106.145871655828032, 17.30908661853843 ], [ 106.144365083688882, 17.311789113991875 ], [ 106.142859688559184, 17.315559056869454 ], [ 106.141647368790942, 17.317433324578058 ], [ 106.141376656609694, 17.317867055268902 ], [ 106.140496253515892, 17.318788448675743 ], [ 106.139331014127023, 17.320001984161426 ], [ 106.139152108685479, 17.320227835714363 ], [ 106.137979807239731, 17.321800923406403 ], [ 106.137430143810846, 17.322536899094246 ], [ 106.136496775290269, 17.32449424298667 ], [ 106.135836472969913, 17.329763911326634 ], [ 106.135544574617953, 17.332208806303687 ], [ 106.135179113173251, 17.333184620415192 ], [ 106.134600024507293, 17.334732879023786 ], [ 106.134553589290078, 17.334769221794801 ] ] ] } },
{ "type": "Feature", "properties": { "fid": 7, "ten_vung": null, "id": null, "nam": null, "mau": null, "mo_ta": null, "thoi_ky": null }, "geometry": { "type": "Polygon", "coordinates": [ [ [ 106.134553589290078, 17.334769221795138 ], [ 106.134594173369308, 17.33495639178124 ], [ 105.86642983655193, 17.622029282937813 ], [ 105.867328892584467, 17.620997996153147 ], [ 105.868202822126122, 17.6199883877715 ], [ 105.869240944490741, 17.618793256546727 ], [ 105.871240389351172, 17.616478692675855 ], [ 105.873855557297844, 17.613466181490445 ], [ 105.875341237518668, 17.611740937734044 ], [ 105.87859861126482, 17.607984973303306 ], [ 105.88178712995618, 17.604299609669926 ], [ 105.885457634031155, 17.600058824198111 ], [ 105.889704799190028, 17.595151505309204 ], [ 105.89256095982843, 17.591853378907032 ], [ 105.932085085417683, 17.546193455996494 ], [ 106.070436076675719, 17.384512796949647 ], [ 106.082003725881648, 17.371046840429212 ], [ 106.091442164931522, 17.361780838090471 ], [ 106.098814952337491, 17.356942919101385 ], [ 106.106132126045338, 17.354235751977516 ], [ 106.110430270427472, 17.353166523698171 ], [ 106.110434242834529, 17.351380671072587 ], [ 106.11063286318489, 17.349932259779383 ], [ 106.1136360028826, 17.347611744544139 ], [ 106.116130674483287, 17.346239138380231 ], [ 106.121096183242713, 17.343455977229389 ], [ 106.124139047010459, 17.341772409662443 ], [ 106.128691425441076, 17.3389891807537 ], [ 106.132095778246551, 17.336930170894906 ], [ 106.132165295369219, 17.336884667653706 ], [ 106.134553589290078, 17.334769221795138 ] ] ] } },
{ "type": "Feature", "properties": { "fid": 8, "ten_vung": null, "id": null, "nam": null, "mau": null, "mo_ta": null, "thoi_ky": null }, "geometry": { "type": "Polygon", "coordinates": [ [ [ 105.861501058825212, 17.627308973137009 ], [ 105.854309787979759, 17.626505344959984 ], [ 105.847603756153049, 17.626486391257195 ], [ 105.845410175754253, 17.626666451353266 ], [ 105.844247757129509, 17.627218002739212 ], [ 105.843661575966706, 17.629239395716514 ], [ 105.843334428210014, 17.632850932658222 ], [ 105.841169684543587, 17.6345803887797 ], [ 105.841128915370234, 17.634611187162996 ], [ 105.836475263390909, 17.640509217455818 ], [ 105.836084475949008, 17.640702530091371 ], [ 105.83414943177128, 17.640694001597112 ], [ 105.832992482181922, 17.6401334891174 ], [ 105.831642127611843, 17.640313535581623 ], [ 105.830870496428986, 17.641232717358214 ], [ 105.830473742766628, 17.642710979245916 ], [ 105.830852597767489, 17.644368323823581 ], [ 105.831228469658171, 17.646394262348675 ], [ 105.831228469658129, 17.647525669924637 ], [ 105.829816464143008, 17.649409438293876 ], [ 105.829297402960719, 17.650103054279153 ], [ 105.828344796423067, 17.650728443450845 ], [ 105.826181047126653, 17.65214408909803 ], [ 105.817876068209614, 17.655624407548142 ], [ 105.816524719269509, 17.6569045186449 ], [ 105.813796167767038, 17.660050274817909 ], [ 105.813221421860206, 17.660050274817916 ], [ 105.811875044770403, 17.659498823945192 ], [ 105.811176996973529, 17.658909470800936 ], [ 105.808991371535342, 17.6570921285367 ], [ 105.807243268932822, 17.655960781071919 ], [ 105.806473626490074, 17.655958886011582 ], [ 105.80491047672264, 17.659460923479518 ], [ 105.80374109750727, 17.661130431424631 ], [ 105.802196343586346, 17.661862849715824 ], [ 105.800830576280035, 17.661858585969846 ], [ 105.796393696978271, 17.662583421335029 ], [ 105.79387893504331, 17.663871062841793 ], [ 105.793486656046355, 17.665157747651705 ], [ 105.79324800722695, 17.667329362702969 ], [ 105.792194969311055, 17.6693294614014 ], [ 105.792163149468493, 17.669381571681317 ], [ 105.791322906749997, 17.670357452316075 ], [ 105.790869473993055, 17.670595263202351 ], [ 105.789604635249944, 17.670513782216975 ], [ 105.78775809000939, 17.670195437548131 ], [ 105.787722292686439, 17.67019164772725 ], [ 105.785234378743667, 17.670257969581126 ], [ 105.785206536381423, 17.670257969581126 ], [ 105.783476332440401, 17.670653531558795 ], [ 105.782479973619175, 17.671677251392143 ], [ 105.781725246727618, 17.673105996401308 ], [ 105.78146472176644, 17.674754534229226 ], [ 105.78154029389259, 17.676291261052533 ], [ 105.781189281254029, 17.676005139050936 ], [ 105.7806304452685, 17.675548479813681 ], [ 105.779886656447857, 17.674936440925716 ], [ 105.779005644556023, 17.674580206805722 ], [ 105.778114688963385, 17.674222077111978 ], [ 105.776595291479509, 17.673971954363129 ], [ 105.774294319111902, 17.674206918167407 ], [ 105.771995335484462, 17.674468409782143 ], [ 105.771683103278988, 17.674506307086059 ], [ 105.769433838155635, 17.674496832760823 ], [ 105.768264458940294, 17.674174705405949 ], [ 105.766882284527611, 17.673090837362651 ], [ 105.765899846887478, 17.672429523057257 ], [ 105.764963150271129, 17.671804209299435 ], [ 105.763254822471907, 17.670784753723304 ], [ 105.763018162392612, 17.670638846039857 ], [ 105.758022447105304, 17.668850993580264 ], [ 105.751493413153071, 17.667986905894303 ], [ 105.750721781970185, 17.668500432190541 ], [ 105.75016891220514, 17.66944220907893 ], [ 105.748605762437791, 17.685025342351345 ], [ 105.747635257238684, 17.692789876919989 ], [ 105.747237509206244, 17.695836484012613 ], [ 105.746776121488637, 17.699565096980145 ], [ 105.746497697865934, 17.701823446855663 ], [ 105.746091994872899, 17.7039832515337 ], [ 105.745471507942355, 17.707567712113157 ], [ 105.745073759909886, 17.709644089931885 ], [ 105.744739651562668, 17.712190272268224 ], [ 105.744087344789463, 17.717100664720114 ], [ 105.743753236442231, 17.720040773631847 ], [ 105.743691585497217, 17.720347663665088 ], [ 105.74349867770151, 17.720885667147225 ], [ 105.74323019777961, 17.721592267859791 ], [ 105.742933875495453, 17.722348119158735 ], [ 105.742313388564824, 17.721974929817897 ], [ 105.74099684257753, 17.721186872617217 ], [ 105.739288514778238, 17.7204480658459 ], [ 105.739069753360425, 17.72035334680891 ], [ 105.736860263040356, 17.719728199909934 ], [ 105.73427490082959, 17.719718727970459 ], [ 105.731872502713756, 17.720514369142027 ], [ 105.730042861764588, 17.721677514406316 ], [ 105.729346802707852, 17.722956207740403 ], [ 105.729237421998917, 17.723225205769616 ], [ 105.728684552233844, 17.724617548272285 ], [ 105.728672619792889, 17.724677219852172 ], [ 105.728653726761323, 17.724817400628361 ], [ 105.728354421366916, 17.72713036760878 ], [ 105.728091907665515, 17.729214096088359 ], [ 105.728079975224531, 17.730498418483052 ], [ 105.728079975224517, 17.731070488327084 ], [ 105.728167479791622, 17.732559376776177 ], [ 105.728270894280072, 17.736097805025963 ], [ 105.728690518454314, 17.73766431384286 ], [ 105.729740573259903, 17.739111475473258 ], [ 105.730190028536555, 17.739658893513187 ], [ 105.730275544363522, 17.740234722448502 ], [ 105.730380947592124, 17.740873056966311 ], [ 105.730396857513426, 17.740974394729445 ], [ 105.730460497198607, 17.743251164496328 ], [ 105.730092580268604, 17.744611151262234 ], [ 105.728955020895839, 17.745220111347507 ], [ 105.726669958449605, 17.746098980105067 ], [ 105.726624217425837, 17.746123603521056 ], [ 105.725870484904405, 17.746684258845658 ], [ 105.724150224664143, 17.747945726906355 ], [ 105.724090562459253, 17.74800254958275 ], [ 105.723505872851604, 17.748578351686124 ], [ 105.723163809543721, 17.748915498110605 ], [ 105.72251945773121, 17.749561377970526 ], [ 105.722437919384532, 17.749646611209073 ], [ 105.72211773221845, 17.750055730189064 ], [ 105.721763736469597, 17.750510305736782 ], [ 105.721198934263583, 17.75122247177368 ], [ 105.720689816782084, 17.752377841497157 ], [ 105.720471055364257, 17.752872185936496 ], [ 105.720534695049437, 17.75428702626758 ], [ 105.720711692923857, 17.755302219397969 ], [ 105.72011109339492, 17.755999214331922 ], [ 105.719148543156436, 17.756612870667535 ], [ 105.715318229604136, 17.757281450637507 ], [ 105.712768664716279, 17.756205660679761 ], [ 105.712203862510236, 17.756357180783478 ], [ 105.710359306009806, 17.757802297324723 ], [ 105.707890285098571, 17.759005920868322 ], [ 105.704137532412645, 17.75982979698875 ], [ 105.701058962641667, 17.761680189983927 ], [ 105.701047030200726, 17.761695341536406 ], [ 105.699526638346768, 17.763584067197197 ], [ 105.699389415275562, 17.76399315430881 ], [ 105.69880074818758, 17.765729870192153 ], [ 105.698064914327588, 17.767031922564108 ], [ 105.695444749163983, 17.768160675929803 ], [ 105.693981036404637, 17.769084884789102 ], [ 105.693348617033109, 17.770596183244574 ], [ 105.692958823961291, 17.771334783105168 ], [ 105.692199125219346, 17.772777884795726 ], [ 105.691972408840897, 17.773179375582952 ], [ 105.691896836714776, 17.774830781035462 ], [ 105.69144340395782, 17.776811689923335 ], [ 105.688714852455405, 17.780603004974335 ], [ 105.688269374659072, 17.784632846052826 ], [ 105.687330689302556, 17.785587268782237 ], [ 105.684371443941274, 17.787397628042712 ], [ 105.683500375750242, 17.78793921730972 ], [ 105.682826192835293, 17.788439144406073 ], [ 105.682138088739165, 17.788952325689447 ], [ 105.680976664484504, 17.789829085872086 ], [ 105.67820336632839, 17.791909243725502 ], [ 105.678093985619498, 17.791990669530019 ], [ 105.67735616301934, 17.792543606569065 ], [ 105.675673688842139, 17.795351818588848 ], [ 105.675647835220005, 17.795766513720839 ], [ 105.675544420731597, 17.798637162279551 ], [ 105.676355826717781, 17.802802928988054 ], [ 105.679553720898468, 17.808816609737089 ], [ 105.681812929722682, 17.814087881016636 ], [ 105.68343574169495, 17.817965498340524 ], [ 105.684167598074637, 17.819449876398899 ], [ 105.684517616343172, 17.821267465349404 ], [ 105.683976679019054, 17.823827205020102 ], [ 105.68326868752132, 17.826871581254377 ], [ 105.683320394765545, 17.828155201912271 ], [ 105.683390000671238, 17.829736049453039 ], [ 105.683477505238329, 17.8317239216579 ], [ 105.683481482718662, 17.832000328798127 ], [ 105.683423809253966, 17.832833334023675 ], [ 105.861501058825212, 17.627308973137009 ] ] ] } }
]
}
